# Author : Toshi Tanabe
# U18
# Undulator Length [m]
2.34
# Number of Horizontal Points
61
# Number of Vertical Points
41
# Horizontal Kick [T2m2]
START
                -3.00000e-02  -2.90000e-02  -2.80000e-02  -2.70000e-02  -2.60000e-02  -2.50000e-02  -2.40000e-02  -2.30000e-02  -2.20000e-02  -2.10000e-02  -2.00000e-02  -1.90000e-02  -1.80000e-02  -1.70000e-02  -1.60000e-02  -1.50000e-02  -1.40000e-02  -1.30000e-02  -1.20000e-02  -1.10000e-02  -1.00000e-02  -9.00000e-03  -8.00000e-03  -7.00000e-03  -6.00000e-03  -5.00000e-03  -4.00000e-03  -3.00000e-03  -2.00000e-03  -1.00000e-03   0.00000e+00   1.00000e-03   2.00000e-03   3.00000e-03   4.00000e-03   5.00000e-03   6.00000e-03   7.00000e-03   8.00000e-03   9.00000e-03   1.00000e-02   1.10000e-02   1.20000e-02   1.30000e-02   1.40000e-02   1.50000e-02   1.60000e-02   1.70000e-02   1.80000e-02   1.90000e-02   2.00000e-02   2.10000e-02   2.20000e-02   2.30000e-02   2.40000e-02   2.50000e-02   2.60000e-02   2.70000e-02   2.80000e-02   2.90000e-02   3.00000e-02
   2.30000e-03  -3.06890e-04  -6.80604e-04  -1.27458e-03  -3.71197e-04  -2.75608e-04  -2.01150e-04  -1.45050e-04  -1.05452e-04  -8.02100e-05  -6.75192e-05  -6.29799e-05  -1.04357e-04  -1.64483e-04  -2.80837e-04  -5.19939e-04  -1.10708e-03  -3.15823e-03  -3.61368e-03   9.08363e-04  -8.75078e-05  -2.24163e-04  -4.05514e-04  -1.00031e-03   4.26007e-04   2.50704e-04   2.18400e-05  -9.73374e-05  -1.84973e-04   7.21278e-05  -3.52302e-05   0.00000e+00   3.52302e-05  -7.21278e-05   1.84973e-04   9.73374e-05  -2.18399e-05  -2.50704e-04  -4.26007e-04   1.00031e-03   4.05514e-04   2.24163e-04   8.75078e-05  -9.08363e-04   3.61368e-03   3.15823e-03   1.10708e-03   5.19939e-04   2.80837e-04   1.64483e-04   1.04357e-04   6.29799e-05   6.75192e-05   8.02100e-05   1.05452e-04   1.45050e-04   2.01150e-04   2.75606e-04   3.71197e-04   1.27458e-03   6.80604e-04   3.06890e-04
   2.18500e-03  -2.89340e-04  -6.22113e-04  -9.25215e-04  -3.71089e-04  -2.70944e-04  -1.97010e-04  -1.41898e-04  -1.03204e-04  -7.86797e-05  -6.64460e-05  -6.11331e-05  -9.41092e-05  -1.63067e-04  -2.79128e-04  -5.16234e-04  -1.08911e-03  -3.00285e-03  -4.00743e-03   8.19911e-04  -2.93517e-05  -1.37221e-04  -2.58090e-04  -2.91426e-04   1.45279e-04   1.96059e-04   2.27522e-05  -9.38828e-05  -5.83254e-05   7.38958e-05  -3.97309e-05   0.00000e+00   3.97309e-05  -7.38958e-05   5.83254e-05   9.38828e-05  -2.27522e-05  -1.96059e-04  -1.45279e-04   2.91426e-04   2.58090e-04   1.37221e-04   2.93517e-05  -8.19911e-04   4.00743e-03   3.00285e-03   1.08911e-03   5.16234e-04   2.79128e-04   1.63067e-04   9.41092e-05   6.11331e-05   6.64460e-05   7.86797e-05   1.03204e-04   1.41898e-04   1.97010e-04   2.70944e-04   3.71089e-04   9.25215e-04   6.22113e-04   2.89340e-04
   2.07000e-03  -2.72748e-04  -5.68813e-04  -7.59397e-04  -3.72250e-04  -2.68360e-04  -1.94433e-04  -1.39844e-04  -1.01727e-04  -7.77068e-05  -6.58446e-05  -6.06059e-05  -8.93987e-05  -1.62411e-04  -2.78408e-04  -5.13360e-04  -1.07002e-03  -2.81393e-03  -3.43900e-03   5.74109e-04   2.62341e-05  -4.88542e-05  -1.23911e-04  -1.06444e-04   5.14496e-05   1.15075e-04   1.86197e-05  -6.94925e-05  -1.64538e-05   5.84135e-05  -3.45123e-05   0.00000e+00   3.45123e-05  -5.84135e-05   1.64538e-05   6.94925e-05  -1.86197e-05  -1.15075e-04  -5.14496e-05   1.06444e-04   1.23911e-04   4.88542e-05  -2.62341e-05  -5.74109e-04   3.43900e-03   2.81393e-03   1.07002e-03   5.13360e-04   2.78408e-04   1.62411e-04   8.93987e-05   6.06059e-05   6.58446e-05   7.77068e-05   1.01727e-04   1.39844e-04   1.94433e-04   2.68360e-04   3.72253e-04   7.59397e-04   5.68813e-04   2.72748e-04
   1.95500e-03  -2.57174e-04  -5.20760e-04  -6.67307e-04  -3.72486e-04  -2.66533e-04  -1.92555e-04  -1.38313e-04  -1.00610e-04  -7.69893e-05  -6.54665e-05  -6.10269e-05  -8.86105e-05  -1.62050e-04  -2.77941e-04  -5.10212e-04  -1.04811e-03  -2.60713e-03  -2.91157e-03   3.58629e-04   4.29004e-05  -5.45488e-06  -5.66251e-05  -4.51196e-05   2.21963e-05   6.28702e-05   1.32160e-05  -4.50932e-05  -5.51021e-06   4.05301e-05  -2.58655e-05   0.00000e+00   2.58655e-05  -4.05301e-05   5.51021e-06   4.50932e-05  -1.32159e-05  -6.28702e-05  -2.21963e-05   4.51196e-05   5.66251e-05   5.45488e-06  -4.29004e-05  -3.58629e-04   2.91157e-03   2.60713e-03   1.04811e-03   5.10212e-04   2.77941e-04   1.62050e-04   8.86105e-05   6.10269e-05   6.54665e-05   7.69893e-05   1.00608e-04   1.38313e-04   1.92555e-04   2.66533e-04   3.72484e-04   6.67307e-04   5.20760e-04   2.57174e-04
   1.84000e-03  -2.42653e-04  -4.77840e-04  -6.01850e-04  -3.70680e-04  -2.64680e-04  -1.90858e-04  -1.36953e-04  -9.96228e-05  -7.63588e-05  -6.51788e-05  -6.19710e-05  -8.94904e-05  -1.61716e-04  -2.77276e-04  -5.06198e-04  -1.02282e-03  -2.39566e-03  -2.49591e-03   1.72408e-04   3.38503e-05   8.74016e-06  -2.58732e-05  -2.13441e-05   1.03582e-05   3.39239e-05   8.58573e-06  -2.74221e-05  -1.92389e-06   2.64257e-05  -1.77558e-05   0.00000e+00   1.77558e-05  -2.64257e-05   1.92389e-06   2.74221e-05  -8.58573e-06  -3.39239e-05  -1.03582e-05   2.13441e-05   2.58732e-05  -8.74016e-06  -3.38503e-05  -1.72408e-04   2.49591e-03   2.39566e-03   1.02282e-03   5.06198e-04   2.77276e-04   1.61716e-04   8.94904e-05   6.19710e-05   6.51788e-05   7.63588e-05   9.96228e-05   1.36954e-04   1.90860e-04   2.64680e-04   3.70680e-04   6.01850e-04   4.77840e-04   2.42653e-04
   1.72500e-03  -2.29202e-04  -4.39808e-04  -5.49873e-04  -3.66853e-04  -2.62619e-04  -1.89210e-04  -1.35668e-04  -9.86908e-05  -7.57661e-05  -6.49323e-05  -6.31367e-05  -9.08803e-05  -1.61339e-04  -2.76332e-04  -5.01293e-04  -9.94722e-04  -2.19061e-03  -2.17508e-03   1.39624e-05   1.18141e-05   8.41178e-06  -1.27152e-05  -1.13880e-05   4.71784e-06   1.82446e-05   5.32284e-06  -1.61153e-05  -5.72049e-07   1.67690e-05  -1.15472e-05   0.00000e+00   1.15472e-05  -1.67690e-05   5.72049e-07   1.61153e-05  -5.32284e-06  -1.82446e-05  -4.71784e-06   1.13880e-05   1.27152e-05  -8.41178e-06  -1.18141e-05  -1.39624e-05   2.17508e-03   2.19061e-03   9.94722e-04   5.01293e-04   2.76332e-04   1.61339e-04   9.08803e-05   6.31367e-05   6.49323e-05   7.57661e-05   9.86908e-05   1.35668e-04   1.89212e-04   2.62619e-04   3.66853e-04   5.49873e-04   4.39808e-04   2.29202e-04
   1.61000e-03  -2.16818e-04  -4.06316e-04  -5.06747e-04  -3.61383e-04  -2.60331e-04  -1.87584e-04  -1.34437e-04  -9.78070e-05  -7.51943e-05  -6.47137e-05  -6.43301e-05  -9.22981e-05  -1.60917e-04  -2.75127e-04  -4.95640e-04  -9.64719e-04  -1.99946e-03  -1.92419e-03  -1.17268e-04  -1.56641e-05   1.53575e-06  -8.06425e-06  -7.23426e-06   1.73543e-06   9.71939e-06   3.21585e-06  -9.26403e-06  -1.25707e-08   1.05624e-05  -7.21819e-06   0.00000e+00   7.21819e-06  -1.05624e-05   1.25707e-08   9.26403e-06  -3.21585e-06  -9.71939e-06  -1.73546e-06   7.23426e-06   8.06425e-06  -1.53575e-06   1.56641e-05   1.17268e-04   1.92419e-03   1.99946e-03   9.64719e-04   4.95640e-04   2.75127e-04   1.60917e-04   9.22981e-05   6.43301e-05   6.47137e-05   7.51943e-05   9.78070e-05   1.34437e-04   1.87584e-04   2.60331e-04   3.61383e-04   5.06746e-04   4.06316e-04   2.16818e-04
   1.49500e-03  -2.05488e-04  -3.76971e-04  -4.70285e-04  -3.54743e-04  -2.57858e-04  -1.85980e-04  -1.33254e-04  -9.69589e-05  -7.46520e-05  -6.45263e-05  -6.54461e-05  -9.35665e-05  -1.60464e-04  -2.73707e-04  -4.89440e-04  -9.33771e-04  -1.82623e-03  -1.72443e-03  -2.22995e-04  -4.45385e-05  -7.96296e-06  -7.52862e-06  -5.72323e-06   1.90706e-08   5.03972e-06   1.90274e-06  -5.24973e-06   2.19143e-07   6.68022e-06  -4.39505e-06   0.00000e+00   4.39505e-06  -6.68022e-06  -2.19143e-07   5.24973e-06  -1.90274e-06  -5.03974e-06  -1.90706e-08   5.72325e-06   7.52862e-06   7.96296e-06   4.45385e-05   2.22995e-04   1.72443e-03   1.82623e-03   9.33771e-04   4.89440e-04   2.73709e-04   1.60464e-04   9.35665e-05   6.54461e-05   6.45263e-05   7.46520e-05   9.69554e-05   1.33254e-04   1.85980e-04   2.57858e-04   3.54743e-04   4.70285e-04   3.76971e-04   2.05488e-04
   1.38000e-03  -1.95188e-04  -3.51368e-04  -4.39180e-04  -3.47396e-04  -2.55263e-04  -1.84407e-04  -1.32127e-04  -9.61555e-05  -7.41359e-05  -6.43562e-05  -6.64381e-05  -9.46403e-05  -1.59990e-04  -2.72134e-04  -4.82886e-04  -9.02738e-04  -1.67244e-03  -1.56291e-03  -3.06128e-04  -7.26811e-05  -1.82175e-05  -8.96794e-06  -5.45154e-06  -1.04826e-06   2.40415e-06   1.09345e-06  -2.91007e-06   3.35240e-07   4.27609e-06  -2.57607e-06   0.00000e+00   2.57607e-06  -4.27609e-06  -3.35240e-07   2.91007e-06  -1.09345e-06  -2.40415e-06   1.04825e-06   5.45154e-06   8.96794e-06   1.82175e-05   7.26811e-05   3.06128e-04   1.56291e-03   1.67244e-03   9.02738e-04   4.82886e-04   2.72136e-04   1.59990e-04   9.46403e-05   6.64381e-05   6.43562e-05   7.41359e-05   9.61555e-05   1.32127e-04   1.84407e-04   2.55263e-04   3.47396e-04   4.39180e-04   3.51368e-04   1.95188e-04
   1.26500e-03  -1.85888e-04  -3.29116e-04  -4.12539e-04  -3.39736e-04  -2.52615e-04  -1.82892e-04  -1.31065e-04  -9.54031e-05  -7.36522e-05  -6.41983e-05  -6.72822e-05  -9.55206e-05  -1.59500e-04  -2.70464e-04  -4.76181e-04  -8.72387e-04  -1.53795e-03  -1.43079e-03  -3.70147e-04  -9.89565e-05  -2.82986e-05  -1.13210e-05  -5.77544e-06  -1.75999e-06   9.07892e-07   5.81682e-07  -1.57677e-06   3.75839e-07   2.81005e-06  -1.47044e-06   0.00000e+00   1.47044e-06  -2.81005e-06  -3.75839e-07   1.57677e-06  -5.81682e-07  -9.07892e-07   1.77285e-06   5.77544e-06   1.13210e-05   2.82986e-05   9.89565e-05   3.70147e-04   1.43079e-03   1.53795e-03   8.72387e-04   4.76181e-04   2.70466e-04   1.59500e-04   9.55206e-05   6.72822e-05   6.41983e-05   7.36522e-05   9.54031e-05   1.31065e-04   1.82892e-04   2.52615e-04   3.39736e-04   4.12539e-04   3.29116e-04   1.85887e-04
   1.15000e-03  -1.77554e-04  -3.09858e-04  -3.89694e-04  -3.32092e-04  -2.49969e-04  -1.81442e-04  -1.30070e-04  -9.47027e-05  -7.32003e-05  -6.40616e-05  -6.79921e-05  -9.62282e-05  -1.59011e-04  -2.68746e-04  -4.69483e-04  -8.43346e-04  -1.42171e-03  -1.32189e-03  -4.18560e-04  -1.22853e-04  -3.77900e-05  -1.39808e-05  -6.37058e-06  -2.29657e-06   2.59504e-08   2.60265e-07  -8.02644e-07   3.95978e-07   1.90851e-06  -7.81621e-07   0.00000e+00   7.81621e-07  -1.90851e-06  -3.95978e-07   8.02644e-07  -2.60265e-07  -2.59504e-08   2.29657e-06   6.37058e-06   1.39808e-05   3.77900e-05   1.22853e-04   4.18560e-04   1.32189e-03   1.42171e-03   8.43346e-04   4.69483e-04   2.68746e-04   1.59011e-04   9.62282e-05   6.79921e-05   6.40616e-05   7.32003e-05   9.47027e-05   1.30070e-04   1.81442e-04   2.49969e-04   3.32092e-04   3.89694e-04   3.09858e-04   1.77554e-04
   1.03500e-03  -1.70151e-04  -2.93276e-04  -3.70141e-04  -3.24719e-04  -2.47390e-04  -1.80077e-04  -1.29149e-04  -9.40582e-05  -7.27826e-05  -6.39363e-05  -6.85725e-05  -9.67842e-05  -1.58531e-04  -2.67041e-04  -4.62970e-04  -8.16128e-04  -1.32220e-03  -1.23174e-03  -4.54572e-04  -1.44095e-04  -4.64814e-05  -1.66907e-05  -7.07503e-06  -2.70027e-06  -5.01558e-07   7.46377e-08  -3.74761e-07   3.96980e-07   1.33348e-06  -3.67094e-07   0.00000e+00   3.67094e-07  -1.33348e-06  -3.96980e-07   3.74761e-07  -7.46377e-08   5.01558e-07   2.70027e-06   7.07503e-06   1.66907e-05   4.64814e-05   1.44095e-04   4.54572e-04   1.23174e-03   1.32220e-03   8.16128e-04   4.62970e-04   2.67041e-04   1.58531e-04   9.67842e-05   6.85725e-05   6.39363e-05   7.27826e-05   9.40582e-05   1.29149e-04   1.80077e-04   2.47390e-04   3.24719e-04   3.70141e-04   2.93276e-04   1.70152e-04
   9.20000e-04  -1.63643e-04  -2.79094e-04  -3.53476e-04  -3.17807e-04  -2.44936e-04  -1.78817e-04  -1.28311e-04  -9.34718e-05  -7.24031e-05  -6.38245e-05  -6.90488e-05  -9.72198e-05  -1.58069e-04  -2.65382e-04  -4.56774e-04  -7.91126e-04  -1.23781e-03  -1.15708e-03  -4.80952e-04  -1.62654e-04  -5.42980e-05  -1.92678e-05  -7.81241e-06  -3.03426e-06  -8.41055e-07  -8.67061e-08  -1.39612e-07   3.79854e-07   9.81014e-07  -1.20072e-07   0.00000e+00   1.20072e-07  -9.81014e-07  -3.79854e-07   1.39612e-07   8.67061e-08   8.41055e-07   3.03426e-06   7.81241e-06   1.92678e-05   5.42980e-05   1.62654e-04   4.80952e-04   1.15707e-03   1.23781e-03   7.91126e-04   4.56774e-04   2.65382e-04   1.58069e-04   9.72198e-05   6.90488e-05   6.38245e-05   7.24031e-05   9.34718e-05   1.28311e-04   1.78817e-04   2.44936e-04   3.17807e-04   3.53476e-04   2.79094e-04   1.63643e-04
   8.05000e-04  -1.57994e-04  -2.67078e-04  -3.39385e-04  -3.11499e-04  -2.42657e-04  -1.77666e-04  -1.27562e-04  -9.29467e-05  -7.20651e-05  -6.37228e-05  -6.94256e-05  -9.75502e-05  -1.57636e-04  -2.63823e-04  -4.51023e-04  -7.68626e-04  -1.16699e-03  -1.09544e-03  -4.99954e-04  -1.78560e-04  -6.11789e-05  -2.16185e-05  -8.50547e-06  -3.32726e-06  -1.06298e-06  -1.77086e-07  -2.71098e-08   3.63477e-07   7.61317e-07   2.85340e-08   0.00000e+00  -2.85340e-08  -7.61317e-07  -3.63477e-07   2.71098e-08   1.77086e-07   1.06298e-06   3.32726e-06   8.50547e-06   2.16185e-05   6.11789e-05   1.78560e-04   4.99954e-04   1.09544e-03   1.16699e-03   7.68626e-04   4.51023e-04   2.63823e-04   1.57636e-04   9.75502e-05   6.94256e-05   6.37228e-05   7.20651e-05   9.29467e-05   1.27562e-04   1.77666e-04   2.42657e-04   3.11499e-04   3.39385e-04   2.67078e-04   1.57994e-04
   6.90000e-04  -1.53171e-04  -2.57026e-04  -3.27610e-04  -3.05896e-04  -2.40597e-04  -1.76646e-04  -1.26896e-04  -9.24904e-05  -7.17685e-05  -6.36328e-05  -6.97224e-05  -9.78022e-05  -1.57240e-04  -2.62398e-04  -4.45834e-04  -7.48852e-04  -1.10834e-03  -1.04497e-03  -5.13445e-04  -1.91955e-04  -6.71154e-05  -2.37192e-05  -9.13484e-06  -3.56413e-06  -1.22093e-06  -2.47507e-07   4.61736e-08   3.53925e-07   6.20369e-07   1.25224e-07   0.00000e+00  -1.25224e-07  -6.20369e-07  -3.53925e-07  -4.61736e-08   2.47507e-07   1.22093e-06   3.56413e-06   9.13484e-06   2.37192e-05   6.71154e-05   1.91955e-04   5.13445e-04   1.04497e-03   1.10834e-03   7.48852e-04   4.45834e-04   2.62398e-04   1.57240e-04   9.78022e-05   6.97224e-05   6.36328e-05   7.17685e-05   9.24904e-05   1.26896e-04   1.76646e-04   2.40597e-04   3.05896e-04   3.27610e-04   2.57026e-04   1.53171e-04
   5.75000e-04  -1.49143e-04  -2.48777e-04  -3.17951e-04  -3.01072e-04  -2.38788e-04  -1.75761e-04  -1.26330e-04  -9.20961e-05  -7.15160e-05  -6.35540e-05  -6.99552e-05  -9.79834e-05  -1.56888e-04  -2.61134e-04  -4.41292e-04  -7.31962e-04  -1.06068e-03  -1.00424e-03  -5.22812e-04  -2.02958e-04  -7.21529e-05  -2.55102e-05  -9.68779e-06  -3.75392e-06  -1.34164e-06  -3.04966e-07   7.00878e-08   3.44993e-07   5.25031e-07   1.66287e-07   0.00000e+00  -1.66287e-07  -5.25031e-07  -3.44993e-07  -7.00878e-08   3.04966e-07   1.34164e-06   3.75392e-06   9.68779e-06   2.55102e-05   7.21529e-05   2.02958e-04   5.22812e-04   1.00424e-03   1.06068e-03   7.31962e-04   4.41292e-04   2.61134e-04   1.56888e-04   9.79834e-05   6.99552e-05   6.35540e-05   7.15160e-05   9.20961e-05   1.26330e-04   1.75761e-04   2.38788e-04   3.01072e-04   3.17951e-04   2.48777e-04   1.49143e-04
   4.60000e-04  -1.45885e-04  -2.42199e-04  -3.10249e-04  -2.97077e-04  -2.37273e-04  -1.75025e-04  -1.25864e-04  -9.17735e-05  -7.13053e-05  -6.34914e-05  -7.01301e-05  -9.81164e-05  -1.56588e-04  -2.60064e-04  -4.37480e-04  -7.18049e-04  -1.02297e-03  -9.72215e-04  -5.29185e-04  -2.11721e-04  -7.62169e-05  -2.70029e-05  -1.01456e-05  -3.92248e-06  -1.41499e-06  -3.38288e-07   8.17120e-08   3.30758e-07   4.61805e-07   1.83072e-07   0.00000e+00  -1.83072e-07  -4.61805e-07  -3.30758e-07  -8.17120e-08   3.38288e-07   1.41499e-06   3.92248e-06   1.01456e-05   2.70029e-05   7.62169e-05   2.11721e-04   5.29185e-04   9.72215e-04   1.02297e-03   7.18049e-04   4.37480e-04   2.60064e-04   1.56588e-04   9.81164e-05   7.01301e-05   6.34914e-05   7.13053e-05   9.17735e-05   1.25864e-04   1.75025e-04   2.37273e-04   2.97077e-04   3.10249e-04   2.42199e-04   1.45885e-04
   3.45000e-04  -1.43375e-04  -2.37186e-04  -3.04378e-04  -2.93942e-04  -2.36062e-04  -1.74441e-04  -1.25498e-04  -9.15213e-05  -7.11444e-05  -6.34338e-05  -7.02565e-05  -9.82054e-05  -1.56348e-04  -2.59207e-04  -4.34451e-04  -7.07180e-04  -9.94450e-04  -9.48040e-04  -5.33369e-04  -2.18387e-04  -7.93674e-05  -2.81705e-05  -1.05129e-05  -4.04774e-06  -1.47183e-06  -3.77561e-07   8.14099e-08   3.23098e-07   4.29649e-07   2.11630e-07   0.00000e+00  -2.11630e-07  -4.29649e-07  -3.23098e-07  -8.14099e-08   3.77561e-07   1.47183e-06   4.04774e-06   1.05129e-05   2.81705e-05   7.93674e-05   2.18387e-04   5.33369e-04   9.48040e-04   9.94450e-04   7.07180e-04   4.34451e-04   2.59207e-04   1.56348e-04   9.82054e-05   7.02565e-05   6.34338e-05   7.11444e-05   9.15213e-05   1.25498e-04   1.74441e-04   2.36062e-04   2.93942e-04   3.04378e-04   2.37186e-04   1.43375e-04
   2.30000e-04  -1.41595e-04  -2.33660e-04  -3.00249e-04  -2.91690e-04  -2.35189e-04  -1.74021e-04  -1.25232e-04  -9.13351e-05  -7.10239e-05  -6.34011e-05  -7.03408e-05  -9.82660e-05  -1.56175e-04  -2.58586e-04  -4.32260e-04  -6.99391e-04  -9.74498e-04  -9.31183e-04  -5.35975e-04  -2.23060e-04  -8.16314e-05  -2.90014e-05  -1.07757e-05  -4.14882e-06  -1.51869e-06  -3.99472e-07   8.70352e-08   3.21822e-07   4.04369e-07   2.10842e-07   0.00000e+00  -2.10842e-07  -4.04369e-07  -3.21822e-07  -8.70352e-08   3.99472e-07   1.51869e-06   4.14882e-06   1.07757e-05   2.90014e-05   8.16314e-05   2.23060e-04   5.35975e-04   9.31183e-04   9.74498e-04   6.99391e-04   4.32260e-04   2.58586e-04   1.56175e-04   9.82660e-05   7.03408e-05   6.34011e-05   7.10239e-05   9.13351e-05   1.25232e-04   1.74021e-04   2.35189e-04   2.91690e-04   3.00249e-04   2.33660e-04   1.41595e-04
   1.15000e-04  -1.40532e-04  -2.31565e-04  -2.97795e-04  -2.90335e-04  -2.34658e-04  -1.73769e-04  -1.25072e-04  -9.12294e-05  -7.09528e-05  -6.33761e-05  -7.03910e-05  -9.83020e-05  -1.56067e-04  -2.58204e-04  -4.30930e-04  -6.94712e-04  -9.62692e-04  -9.21207e-04  -5.37377e-04  -2.25825e-04  -8.29801e-05  -2.95047e-05  -1.09370e-05  -4.19148e-06  -1.53840e-06  -4.10204e-07   8.68998e-08   3.09368e-07   3.85819e-07   2.16213e-07   0.00000e+00  -2.16213e-07  -3.85819e-07  -3.09368e-07  -8.68998e-08   4.10204e-07   1.53840e-06   4.19147e-06   1.09370e-05   2.95047e-05   8.29801e-05   2.25825e-04   5.37377e-04   9.21207e-04   9.62692e-04   6.94712e-04   4.30930e-04   2.58204e-04   1.56067e-04   9.83020e-05   7.03910e-05   6.33761e-05   7.09528e-05   9.12294e-05   1.25072e-04   1.73769e-04   2.34658e-04   2.90335e-04   2.97795e-04   2.31565e-04   1.40532e-04
   0.00000e+00  -1.40178e-04  -2.30870e-04  -2.96981e-04  -2.89880e-04  -2.34481e-04  -1.73684e-04  -1.25021e-04  -9.11913e-05  -7.09315e-05  -6.33739e-05  -7.04091e-05  -9.83126e-05  -1.56030e-04  -2.58079e-04  -4.30483e-04  -6.93151e-04  -9.58790e-04  -9.17911e-04  -5.37833e-04  -2.26738e-04  -8.34164e-05  -2.96737e-05  -1.09866e-05  -4.21732e-06  -1.54887e-06  -4.04004e-07   9.26762e-08   3.09134e-07   3.79664e-07   2.16051e-07   0.00000e+00  -2.16051e-07  -3.79664e-07  -3.09134e-07  -9.26762e-08   4.04004e-07   1.54887e-06   4.21732e-06   1.09866e-05   2.96737e-05   8.34164e-05   2.26738e-04   5.37833e-04   9.17911e-04   9.58790e-04   6.93151e-04   4.30483e-04   2.58079e-04   1.56030e-04   9.83126e-05   7.04091e-05   6.33739e-05   7.09315e-05   9.11913e-05   1.25021e-04   1.73684e-04   2.34481e-04   2.89880e-04   2.96981e-04   2.30870e-04   1.40178e-04
  -1.15000e-04  -1.40532e-04  -2.31565e-04  -2.97795e-04  -2.90335e-04  -2.34658e-04  -1.73769e-04  -1.25072e-04  -9.12294e-05  -7.09528e-05  -6.33761e-05  -7.03910e-05  -9.83020e-05  -1.56067e-04  -2.58204e-04  -4.30930e-04  -6.94712e-04  -9.62692e-04  -9.21207e-04  -5.37377e-04  -2.25825e-04  -8.29801e-05  -2.95047e-05  -1.09370e-05  -4.19148e-06  -1.53840e-06  -4.10204e-07   8.68998e-08   3.09368e-07   3.85819e-07   2.16213e-07   0.00000e+00  -2.16213e-07  -3.85819e-07  -3.09368e-07  -8.68998e-08   4.10204e-07   1.53840e-06   4.19148e-06   1.09370e-05   2.95047e-05   8.29801e-05   2.25825e-04   5.37377e-04   9.21207e-04   9.62692e-04   6.94712e-04   4.30930e-04   2.58204e-04   1.56067e-04   9.83020e-05   7.03910e-05   6.33761e-05   7.09528e-05   9.12294e-05   1.25072e-04   1.73769e-04   2.34658e-04   2.90335e-04   2.97795e-04   2.31565e-04   1.40532e-04
  -2.30000e-04  -1.41595e-04  -2.33660e-04  -3.00249e-04  -2.91690e-04  -2.35189e-04  -1.74021e-04  -1.25232e-04  -9.13351e-05  -7.10239e-05  -6.34011e-05  -7.03408e-05  -9.82660e-05  -1.56175e-04  -2.58586e-04  -4.32260e-04  -6.99391e-04  -9.74498e-04  -9.31183e-04  -5.35975e-04  -2.23060e-04  -8.16314e-05  -2.90014e-05  -1.07757e-05  -4.14882e-06  -1.51869e-06  -3.99472e-07   8.70352e-08   3.21822e-07   4.04369e-07   2.10842e-07   0.00000e+00  -2.10842e-07  -4.04369e-07  -3.21822e-07  -8.70352e-08   3.99471e-07   1.51869e-06   4.14882e-06   1.07757e-05   2.90014e-05   8.16314e-05   2.23060e-04   5.35975e-04   9.31183e-04   9.74498e-04   6.99391e-04   4.32260e-04   2.58586e-04   1.56175e-04   9.82660e-05   7.03408e-05   6.34011e-05   7.10239e-05   9.13351e-05   1.25232e-04   1.74021e-04   2.35189e-04   2.91690e-04   3.00249e-04   2.33660e-04   1.41595e-04
  -3.45000e-04  -1.43375e-04  -2.37186e-04  -3.04378e-04  -2.93942e-04  -2.36062e-04  -1.74441e-04  -1.25498e-04  -9.15213e-05  -7.11444e-05  -6.34338e-05  -7.02565e-05  -9.82054e-05  -1.56348e-04  -2.59207e-04  -4.34451e-04  -7.07180e-04  -9.94450e-04  -9.48040e-04  -5.33369e-04  -2.18387e-04  -7.93674e-05  -2.81705e-05  -1.05129e-05  -4.04774e-06  -1.47183e-06  -3.77561e-07   8.14099e-08   3.23098e-07   4.29649e-07   2.17515e-07   0.00000e+00  -2.17515e-07  -4.29649e-07  -3.23098e-07  -8.14099e-08   3.77561e-07   1.47183e-06   4.04774e-06   1.05129e-05   2.81705e-05   7.93674e-05   2.18387e-04   5.33369e-04   9.48040e-04   9.94450e-04   7.07180e-04   4.34451e-04   2.59207e-04   1.56348e-04   9.82054e-05   7.02565e-05   6.34338e-05   7.11444e-05   9.15213e-05   1.25498e-04   1.74441e-04   2.36062e-04   2.93942e-04   3.04378e-04   2.37186e-04   1.43375e-04
  -4.60000e-04  -1.45885e-04  -2.42199e-04  -3.10249e-04  -2.97077e-04  -2.37273e-04  -1.75025e-04  -1.25864e-04  -9.17735e-05  -7.13053e-05  -6.34914e-05  -7.01301e-05  -9.81164e-05  -1.56588e-04  -2.60064e-04  -4.37480e-04  -7.18049e-04  -1.02297e-03  -9.72215e-04  -5.29185e-04  -2.11721e-04  -7.62169e-05  -2.70029e-05  -1.01456e-05  -3.92248e-06  -1.41499e-06  -3.38288e-07   8.17120e-08   3.30758e-07   4.61805e-07   1.83084e-07   0.00000e+00  -1.83084e-07  -4.61805e-07  -3.30758e-07  -8.17120e-08   3.38288e-07   1.41499e-06   3.92248e-06   1.01456e-05   2.70029e-05   7.62169e-05   2.11721e-04   5.29185e-04   9.72215e-04   1.02297e-03   7.18049e-04   4.37480e-04   2.60064e-04   1.56588e-04   9.81164e-05   7.01301e-05   6.34914e-05   7.13053e-05   9.17735e-05   1.25864e-04   1.75025e-04   2.37273e-04   2.97077e-04   3.10249e-04   2.42199e-04   1.45885e-04
  -5.75000e-04  -1.49143e-04  -2.48777e-04  -3.17951e-04  -3.01072e-04  -2.38788e-04  -1.75761e-04  -1.26330e-04  -9.20961e-05  -7.15160e-05  -6.35540e-05  -6.99552e-05  -9.79834e-05  -1.56888e-04  -2.61134e-04  -4.41292e-04  -7.31962e-04  -1.06068e-03  -1.00424e-03  -5.22812e-04  -2.02958e-04  -7.21529e-05  -2.55102e-05  -9.68779e-06  -3.75392e-06  -1.34164e-06  -3.04966e-07   7.00878e-08   3.44993e-07   5.25026e-07   1.66294e-07   0.00000e+00  -1.66294e-07  -5.25026e-07  -3.44993e-07  -7.00878e-08   3.04966e-07   1.34164e-06   3.75392e-06   9.68779e-06   2.55102e-05   7.21529e-05   2.02958e-04   5.22812e-04   1.00424e-03   1.06068e-03   7.31962e-04   4.41292e-04   2.61134e-04   1.56888e-04   9.79834e-05   6.99552e-05   6.35540e-05   7.15160e-05   9.20961e-05   1.26330e-04   1.75761e-04   2.38788e-04   3.01072e-04   3.17951e-04   2.48777e-04   1.49143e-04
  -6.90000e-04  -1.53171e-04  -2.57026e-04  -3.27610e-04  -3.05896e-04  -2.40597e-04  -1.76646e-04  -1.26896e-04  -9.24904e-05  -7.17685e-05  -6.36328e-05  -6.97224e-05  -9.78022e-05  -1.57240e-04  -2.62398e-04  -4.45834e-04  -7.48852e-04  -1.10834e-03  -1.04497e-03  -5.13445e-04  -1.91955e-04  -6.71154e-05  -2.37192e-05  -9.13484e-06  -3.56413e-06  -1.22093e-06  -2.47504e-07   4.61741e-08   3.53925e-07   6.20369e-07   1.25234e-07   0.00000e+00  -1.25234e-07  -6.20369e-07  -3.53925e-07  -4.61677e-08   2.47504e-07   1.22093e-06   3.56413e-06   9.13484e-06   2.37192e-05   6.71154e-05   1.91955e-04   5.13445e-04   1.04497e-03   1.10834e-03   7.48852e-04   4.45834e-04   2.62398e-04   1.57240e-04   9.78022e-05   6.97224e-05   6.36328e-05   7.17685e-05   9.24904e-05   1.26896e-04   1.76646e-04   2.40597e-04   3.05896e-04   3.27610e-04   2.57026e-04   1.53171e-04
  -8.05000e-04  -1.57994e-04  -2.67078e-04  -3.39385e-04  -3.11499e-04  -2.42657e-04  -1.77666e-04  -1.27562e-04  -9.29467e-05  -7.20651e-05  -6.37228e-05  -6.94256e-05  -9.75502e-05  -1.57636e-04  -2.63823e-04  -4.51023e-04  -7.68626e-04  -1.16699e-03  -1.09544e-03  -4.99954e-04  -1.78560e-04  -6.11789e-05  -2.16185e-05  -8.50547e-06  -3.32727e-06  -1.06298e-06  -1.77086e-07  -2.71100e-08   3.63473e-07   7.61317e-07   2.85376e-08   0.00000e+00  -2.85376e-08  -7.61317e-07  -3.63473e-07   2.71100e-08   1.77086e-07   1.06298e-06   3.32727e-06   8.50547e-06   2.16185e-05   6.11789e-05   1.78560e-04   4.99954e-04   1.09544e-03   1.16699e-03   7.68626e-04   4.51023e-04   2.63823e-04   1.57636e-04   9.75502e-05   6.94256e-05   6.37228e-05   7.20651e-05   9.29467e-05   1.27562e-04   1.77666e-04   2.42657e-04   3.11499e-04   3.39385e-04   2.67078e-04   1.57994e-04
  -9.20000e-04  -1.63643e-04  -2.79094e-04  -3.53476e-04  -3.17807e-04  -2.44936e-04  -1.78817e-04  -1.28311e-04  -9.34718e-05  -7.24031e-05  -6.38245e-05  -6.90488e-05  -9.72198e-05  -1.58069e-04  -2.65382e-04  -4.56774e-04  -7.91126e-04  -1.23781e-03  -1.15708e-03  -4.80952e-04  -1.62654e-04  -5.42980e-05  -1.92678e-05  -7.81241e-06  -3.03426e-06  -8.41055e-07  -8.67061e-08  -1.39612e-07   3.79854e-07   9.81013e-07  -1.13919e-07   0.00000e+00   1.13919e-07  -9.81013e-07  -3.79854e-07   1.39612e-07   8.67061e-08   8.41055e-07   3.03426e-06   7.81241e-06   1.92678e-05   5.42980e-05   1.62654e-04   4.80952e-04   1.15708e-03   1.23781e-03   7.91126e-04   4.56774e-04   2.65382e-04   1.58069e-04   9.72198e-05   6.90488e-05   6.38245e-05   7.24031e-05   9.34718e-05   1.28311e-04   1.78817e-04   2.44936e-04   3.17807e-04   3.53476e-04   2.79094e-04   1.63643e-04
  -1.03500e-03  -1.70151e-04  -2.93276e-04  -3.70141e-04  -3.24719e-04  -2.47390e-04  -1.80077e-04  -1.29149e-04  -9.40582e-05  -7.27826e-05  -6.39363e-05  -6.85725e-05  -9.67842e-05  -1.58531e-04  -2.67041e-04  -4.62970e-04  -8.16128e-04  -1.32220e-03  -1.23174e-03  -4.54572e-04  -1.44095e-04  -4.64876e-05  -1.66907e-05  -7.07503e-06  -2.70027e-06  -5.01541e-07   7.46288e-08  -3.80988e-07   3.96980e-07   1.33348e-06  -3.67094e-07   0.00000e+00   3.67094e-07  -1.33348e-06  -3.96980e-07   3.80988e-07  -7.46288e-08   5.01541e-07   2.70027e-06   7.07503e-06   1.66907e-05   4.64876e-05   1.44095e-04   4.54572e-04   1.23174e-03   1.32220e-03   8.16128e-04   4.62970e-04   2.67041e-04   1.58531e-04   9.67842e-05   6.85725e-05   6.39363e-05   7.27826e-05   9.40582e-05   1.29149e-04   1.80077e-04   2.47390e-04   3.24719e-04   3.70141e-04   2.93276e-04   1.70152e-04
  -1.15000e-03  -1.77554e-04  -3.09858e-04  -3.89694e-04  -3.32092e-04  -2.49969e-04  -1.81442e-04  -1.30070e-04  -9.47027e-05  -7.32003e-05  -6.40616e-05  -6.79921e-05  -9.62282e-05  -1.59011e-04  -2.68746e-04  -4.69483e-04  -8.43346e-04  -1.42171e-03  -1.32189e-03  -4.18560e-04  -1.22853e-04  -3.77900e-05  -1.39808e-05  -6.37058e-06  -2.29657e-06   2.59504e-08   2.60256e-07  -8.02645e-07   3.95979e-07   1.90851e-06  -7.81621e-07   0.00000e+00   7.81621e-07  -1.90851e-06  -3.95979e-07   8.02645e-07  -2.60256e-07  -2.59504e-08   2.29657e-06   6.37058e-06   1.39808e-05   3.77900e-05   1.22853e-04   4.18560e-04   1.32189e-03   1.42171e-03   8.43346e-04   4.69483e-04   2.68746e-04   1.59011e-04   9.62282e-05   6.79921e-05   6.40616e-05   7.32003e-05   9.47027e-05   1.30070e-04   1.81442e-04   2.49969e-04   3.32092e-04   3.89694e-04   3.09858e-04   1.77554e-04
  -1.26500e-03  -1.85888e-04  -3.29116e-04  -4.12539e-04  -3.39736e-04  -2.52615e-04  -1.82892e-04  -1.31065e-04  -9.54031e-05  -7.36522e-05  -6.41983e-05  -6.72840e-05  -9.55206e-05  -1.59500e-04  -2.70466e-04  -4.76177e-04  -8.72387e-04  -1.53795e-03  -1.43079e-03  -3.70147e-04  -9.89565e-05  -2.82986e-05  -1.13210e-05  -5.77544e-06  -1.75998e-06   9.07892e-07   5.81682e-07  -1.57675e-06   3.75839e-07   2.81005e-06  -1.46398e-06   0.00000e+00   1.46398e-06  -2.81005e-06  -3.75839e-07   1.57675e-06  -5.81682e-07  -9.07892e-07   1.75998e-06   5.77544e-06   1.13210e-05   2.82986e-05   9.89565e-05   3.70147e-04   1.43079e-03   1.53795e-03   8.72387e-04   4.76181e-04   2.70466e-04   1.59500e-04   9.55206e-05   6.72840e-05   6.41983e-05   7.36522e-05   9.54031e-05   1.31065e-04   1.82892e-04   2.52615e-04   3.39736e-04   4.12539e-04   3.29116e-04   1.85887e-04
  -1.38000e-03  -1.95188e-04  -3.51368e-04  -4.39180e-04  -3.47396e-04  -2.55263e-04  -1.84407e-04  -1.32127e-04  -9.61555e-05  -7.41359e-05  -6.43562e-05  -6.64381e-05  -9.46403e-05  -1.59990e-04  -2.72136e-04  -4.82886e-04  -9.02738e-04  -1.67244e-03  -1.56291e-03  -3.06128e-04  -7.26811e-05  -1.82175e-05  -8.96795e-06  -5.45154e-06  -1.04826e-06   2.40415e-06   1.09345e-06  -2.91006e-06   3.35241e-07   4.27608e-06  -2.57607e-06   0.00000e+00   2.57607e-06  -4.27608e-06  -3.35241e-07   2.91006e-06  -1.09345e-06  -2.40415e-06   1.04826e-06   5.45154e-06   8.96795e-06   1.82175e-05   7.26811e-05   3.06128e-04   1.56291e-03   1.67244e-03   9.02738e-04   4.82886e-04   2.72134e-04   1.59990e-04   9.46403e-05   6.64381e-05   6.43562e-05   7.41359e-05   9.61555e-05   1.32127e-04   1.84407e-04   2.55263e-04   3.47396e-04   4.39180e-04   3.51368e-04   1.95188e-04
  -1.49500e-03  -2.05488e-04  -3.76971e-04  -4.70285e-04  -3.54743e-04  -2.57858e-04  -1.85980e-04  -1.33254e-04  -9.69554e-05  -7.46520e-05  -6.45263e-05  -6.54461e-05  -9.35665e-05  -1.60464e-04  -2.73707e-04  -4.89440e-04  -9.33771e-04  -1.82623e-03  -1.72443e-03  -2.22995e-04  -4.45385e-05  -7.96296e-06  -7.52862e-06  -5.72325e-06   1.90706e-08   5.03972e-06   1.90274e-06  -5.24308e-06   2.19117e-07   6.68025e-06  -4.39505e-06   0.00000e+00   4.39505e-06  -6.68025e-06  -2.19117e-07   5.24308e-06  -1.90274e-06  -5.03972e-06  -1.90707e-08   5.72325e-06   7.52862e-06   7.96296e-06   4.45385e-05   2.22995e-04   1.72443e-03   1.82623e-03   9.33771e-04   4.89440e-04   2.73707e-04   1.60464e-04   9.35665e-05   6.54461e-05   6.45263e-05   7.46520e-05   9.69589e-05   1.33254e-04   1.85980e-04   2.57858e-04   3.54743e-04   4.70285e-04   3.76971e-04   2.05488e-04
  -1.61000e-03  -2.16818e-04  -4.06316e-04  -5.06746e-04  -3.61383e-04  -2.60331e-04  -1.87584e-04  -1.34437e-04  -9.78070e-05  -7.51943e-05  -6.47137e-05  -6.43301e-05  -9.22981e-05  -1.60917e-04  -2.75127e-04  -4.95640e-04  -9.64719e-04  -1.99946e-03  -1.92419e-03  -1.17268e-04  -1.56641e-05   1.53575e-06  -8.06425e-06  -7.23423e-06   1.73543e-06   9.71939e-06   3.21584e-06  -9.26403e-06  -2.61446e-08   1.05489e-05  -7.23170e-06   0.00000e+00   7.23170e-06  -1.05489e-05   2.61446e-08   9.26403e-06  -3.21584e-06  -9.71939e-06  -1.73543e-06   7.23426e-06   8.06425e-06  -1.53575e-06   1.56641e-05   1.17268e-04   1.92419e-03   1.99946e-03   9.64719e-04   4.95640e-04   2.75127e-04   1.60917e-04   9.22981e-05   6.43301e-05   6.47137e-05   7.51943e-05   9.78070e-05   1.34437e-04   1.87584e-04   2.60331e-04   3.61383e-04   5.06747e-04   4.06316e-04   2.16818e-04
  -1.72500e-03  -2.29202e-04  -4.39808e-04  -5.49873e-04  -3.66853e-04  -2.62619e-04  -1.89212e-04  -1.35668e-04  -9.86908e-05  -7.57661e-05  -6.49323e-05  -6.31367e-05  -9.08803e-05  -1.61339e-04  -2.76332e-04  -5.01293e-04  -9.94722e-04  -2.19061e-03  -2.17508e-03   1.39624e-05   1.18071e-05   8.41178e-06  -1.27152e-05  -1.13880e-05   4.71784e-06   1.82445e-05   5.32284e-06  -1.61153e-05  -5.78947e-07   1.67620e-05  -1.15332e-05   0.00000e+00   1.15332e-05  -1.67620e-05   5.78947e-07   1.61153e-05  -5.32284e-06  -1.82445e-05  -4.71784e-06   1.13880e-05   1.27152e-05  -8.41178e-06  -1.18071e-05  -1.39624e-05   2.17508e-03   2.19061e-03   9.94722e-04   5.01293e-04   2.76332e-04   1.61339e-04   9.08803e-05   6.31367e-05   6.49323e-05   7.57661e-05   9.86908e-05   1.35668e-04   1.89210e-04   2.62619e-04   3.66856e-04   5.49873e-04   4.39808e-04   2.29202e-04
  -1.84000e-03  -2.42653e-04  -4.77840e-04  -6.01850e-04  -3.70680e-04  -2.64680e-04  -1.90860e-04  -1.36954e-04  -9.96228e-05  -7.63588e-05  -6.51788e-05  -6.19710e-05  -8.94904e-05  -1.61716e-04  -2.77276e-04  -5.06198e-04  -1.02282e-03  -2.39566e-03  -2.49591e-03   1.72408e-04   3.38503e-05   8.74016e-06  -2.58732e-05  -2.13441e-05   1.03582e-05   3.39239e-05   8.58570e-06  -2.74221e-05  -1.92389e-06   2.64258e-05  -1.77559e-05   0.00000e+00   1.77559e-05  -2.64258e-05   1.92389e-06   2.74221e-05  -8.58570e-06  -3.39239e-05  -1.03582e-05   2.13441e-05   2.58732e-05  -8.74016e-06  -3.38574e-05  -1.72408e-04   2.49591e-03   2.39566e-03   1.02282e-03   5.06198e-04   2.77276e-04   1.61716e-04   8.94904e-05   6.19710e-05   6.51788e-05   7.63588e-05   9.96228e-05   1.36953e-04   1.90860e-04   2.64680e-04   3.70680e-04   6.01850e-04   4.77840e-04   2.42653e-04
  -1.95500e-03  -2.57174e-04  -5.20760e-04  -6.67307e-04  -3.72484e-04  -2.66533e-04  -1.92555e-04  -1.38313e-04  -1.00608e-04  -7.69893e-05  -6.54665e-05  -6.10269e-05  -8.86105e-05  -1.62050e-04  -2.77941e-04  -5.10212e-04  -1.04811e-03  -2.60713e-03  -2.91157e-03   3.58629e-04   4.29077e-05  -5.45488e-06  -5.66251e-05  -4.51196e-05   2.21963e-05   6.28702e-05   1.32160e-05  -4.50931e-05  -5.51746e-06   4.05301e-05  -2.58656e-05   0.00000e+00   2.58656e-05  -4.05301e-05   5.51746e-06   4.50931e-05  -1.32160e-05  -6.28702e-05  -2.21963e-05   4.51196e-05   5.66251e-05   5.45488e-06  -4.29004e-05  -3.58629e-04   2.91157e-03   2.60713e-03   1.04811e-03   5.10212e-04   2.77941e-04   1.62050e-04   8.86105e-05   6.10269e-05   6.54665e-05   7.69893e-05   1.00610e-04   1.38313e-04   1.92555e-04   2.66533e-04   3.72486e-04   6.67307e-04   5.20760e-04   2.57174e-04
  -2.07000e-03  -2.72748e-04  -5.68813e-04  -7.59397e-04  -3.72253e-04  -2.68360e-04  -1.94433e-04  -1.39844e-04  -1.01727e-04  -7.77068e-05  -6.58446e-05  -6.06059e-05  -8.93987e-05  -1.62411e-04  -2.78408e-04  -5.13359e-04  -1.07002e-03  -2.81393e-03  -3.43900e-03   5.74109e-04   2.62342e-05  -4.88542e-05  -1.23911e-04  -1.06444e-04   5.14496e-05   1.15075e-04   1.86197e-05  -6.94851e-05  -1.64538e-05   5.84135e-05  -3.44975e-05   0.00000e+00   3.45050e-05  -5.84135e-05   1.64538e-05   6.94851e-05  -1.86197e-05  -1.15075e-04  -5.14496e-05   1.06444e-04   1.23911e-04   4.88542e-05  -2.62342e-05  -5.74109e-04   3.43900e-03   2.81393e-03   1.07002e-03   5.13359e-04   2.78408e-04   1.62411e-04   8.93987e-05   6.06059e-05   6.58446e-05   7.77068e-05   1.01727e-04   1.39844e-04   1.94433e-04   2.68360e-04   3.72250e-04   7.59397e-04   5.68813e-04   2.72748e-04
  -2.18500e-03  -2.89340e-04  -6.22113e-04  -9.25215e-04  -3.71089e-04  -2.70944e-04  -1.97010e-04  -1.41898e-04  -1.03204e-04  -7.86797e-05  -6.64460e-05  -6.11331e-05  -9.41092e-05  -1.63067e-04  -2.79128e-04  -5.16234e-04  -1.08911e-03  -3.00285e-03  -4.00743e-03   8.19911e-04  -2.93517e-05  -1.37221e-04  -2.58090e-04  -2.91426e-04   1.45294e-04   1.96059e-04   2.27522e-05  -9.38828e-05  -5.83254e-05   7.38958e-05  -3.97233e-05   0.00000e+00   3.97233e-05  -7.38958e-05   5.83254e-05   9.38828e-05  -2.27522e-05  -1.96059e-04  -1.45287e-04   2.91426e-04   2.58090e-04   1.37221e-04   2.93517e-05  -8.19911e-04   4.00743e-03   3.00285e-03   1.08911e-03   5.16234e-04   2.79128e-04   1.63067e-04   9.41092e-05   6.11331e-05   6.64460e-05   7.86797e-05   1.03204e-04   1.41898e-04   1.97010e-04   2.70944e-04   3.71089e-04   9.25215e-04   6.22113e-04   2.89340e-04
  -2.30000e-03  -3.06890e-04  -6.80604e-04  -1.27458e-03  -3.71197e-04  -2.75606e-04  -2.01150e-04  -1.45050e-04  -1.05452e-04  -8.02100e-05  -6.75192e-05  -6.29799e-05  -1.04357e-04  -1.64483e-04  -2.80837e-04  -5.19939e-04  -1.10708e-03  -3.15823e-03  -3.61368e-03   9.08363e-04  -8.75078e-05  -2.24163e-04  -4.05514e-04  -1.00031e-03   4.26007e-04   2.50704e-04   2.18398e-05  -9.73374e-05  -1.84973e-04   7.21277e-05  -3.52150e-05   0.00000e+00   3.52150e-05  -7.21277e-05   1.84973e-04   9.73374e-05  -2.18398e-05  -2.50704e-04  -4.26007e-04   1.00031e-03   4.05514e-04   2.24163e-04   8.75078e-05  -9.08355e-04   3.61368e-03   3.15823e-03   1.10708e-03   5.19939e-04   2.80837e-04   1.64483e-04   1.04357e-04   6.29799e-05   6.75213e-05   8.02100e-05   1.05452e-04   1.45050e-04   2.01150e-04   2.75608e-04   3.71197e-04   1.27458e-03   6.80604e-04   3.06890e-04
# Vertical Kick [T2m2]
START
                -3.00000e-02  -2.90000e-02  -2.80000e-02  -2.70000e-02  -2.60000e-02  -2.50000e-02  -2.40000e-02  -2.30000e-02  -2.20000e-02  -2.10000e-02  -2.00000e-02  -1.90000e-02  -1.80000e-02  -1.70000e-02  -1.60000e-02  -1.50000e-02  -1.40000e-02  -1.30000e-02  -1.20000e-02  -1.10000e-02  -1.00000e-02  -9.00000e-03  -8.00000e-03  -7.00000e-03  -6.00000e-03  -5.00000e-03  -4.00000e-03  -3.00000e-03  -2.00000e-03  -1.00000e-03   0.00000e+00   1.00000e-03   2.00000e-03   3.00000e-03   4.00000e-03   5.00000e-03   6.00000e-03   7.00000e-03   8.00000e-03   9.00000e-03   1.00000e-02   1.10000e-02   1.20000e-02   1.30000e-02   1.40000e-02   1.50000e-02   1.60000e-02   1.70000e-02   1.80000e-02   1.90000e-02   2.00000e-02   2.10000e-02   2.20000e-02   2.30000e-02   2.40000e-02   2.50000e-02   2.60000e-02   2.70000e-02   2.80000e-02   2.90000e-02   3.00000e-02
   2.30000e-03  -1.51483e-04  -4.59783e-04   1.69738e-04   1.55907e-03   1.88145e-03   2.06421e-03   2.17885e-03   2.25474e-03   2.30830e-03   2.34995e-03   2.38342e-03   2.47212e-03   2.52453e-03   2.63311e-03   2.81175e-03   3.09139e-03   3.46472e-03  -1.21820e-02   1.08749e-03  -8.63637e-03   2.89133e-03   3.78940e-03   4.39581e-03   4.75813e-03   5.03438e-03   5.36325e-03   5.55281e-03   5.69737e-03   5.72023e-03   5.79811e-03  -1.38983e-02   5.79811e-03   5.72023e-03   5.69737e-03   5.55281e-03   5.36325e-03   5.03438e-03   4.75813e-03   4.39581e-03   3.78940e-03   2.89133e-03   1.91477e-03   1.08750e-03  -1.21820e-02   3.46472e-03   3.09139e-03   2.81175e-03   2.63311e-03   2.52453e-03   2.47212e-03   2.38342e-03   2.34995e-03   2.30830e-03   2.25474e-03   2.17885e-03   2.06421e-03   1.88145e-03   1.55907e-03   1.69738e-04  -4.59783e-04  -1.51483e-04
   2.18500e-03  -1.45391e-04  -4.30595e-04  -1.93481e-03  -1.76562e-03  -1.78705e-03  -1.81840e-03  -1.84450e-03  -1.86391e-03  -1.87741e-03  -1.88634e-03  -1.89393e-03  -1.81727e-03  -1.83836e-03  -1.84758e-03  -1.86408e-03  -1.94189e-03  -2.45546e-03  -2.30829e-02  -3.56466e-03  -3.08275e-03  -2.93504e-03  -2.80408e-03  -2.60518e-03  -2.20411e-03  -2.81725e-03  -2.84837e-03  -2.82465e-03  -2.20218e-03  -2.81608e-03  -2.80673e-03  -2.15668e-03  -2.80673e-03  -2.81608e-03  -2.20218e-03  -2.82465e-03  -2.84837e-03  -2.81725e-03  -2.20411e-03  -2.60518e-03  -2.80408e-03  -2.93504e-03  -3.08275e-03  -3.56466e-03  -2.30829e-02  -2.45546e-03  -1.94189e-03  -1.86408e-03  -1.84758e-03  -1.83836e-03  -1.81727e-03  -1.89393e-03  -1.88634e-03  -1.87741e-03  -1.86391e-03  -1.84450e-03  -1.81840e-03  -1.78705e-03  -1.76563e-03  -1.93481e-03  -4.30595e-04  -1.45391e-04
   2.07000e-03  -1.38689e-04  -4.00869e-04  -1.32080e-03  -1.37419e-03  -1.38475e-03  -1.40433e-03  -1.42167e-03  -1.43491e-03  -1.44405e-03  -1.44967e-03  -1.45266e-03  -1.39291e-03  -1.40454e-03  -1.40836e-03  -1.41986e-03  -1.50004e-03  -2.11083e-03  -1.22266e-02  -4.95260e-03  -4.23356e-03  -4.03048e-03  -3.88885e-03  -3.76012e-03  -3.67125e-03  -3.88947e-03  -3.94598e-03  -3.91355e-03  -3.68118e-03  -3.91053e-03  -3.90925e-03  -3.69105e-03  -3.90925e-03  -3.91053e-03  -3.68118e-03  -3.91355e-03  -3.94598e-03  -3.88947e-03  -3.67125e-03  -3.76012e-03  -3.88885e-03  -4.03048e-03  -4.23355e-03  -4.95260e-03  -1.22266e-02  -2.11083e-03  -1.50004e-03  -1.41986e-03  -1.40836e-03  -1.40454e-03  -1.39291e-03  -1.45266e-03  -1.44967e-03  -1.44405e-03  -1.43491e-03  -1.42167e-03  -1.40433e-03  -1.38476e-03  -1.37419e-03  -1.32080e-03  -4.00869e-04  -1.38689e-04
   1.95500e-03  -1.31509e-04  -3.71009e-04  -1.04852e-03  -1.16086e-03  -1.17340e-03  -1.18945e-03  -1.20351e-03  -1.21433e-03  -1.22176e-03  -1.22608e-03  -1.22648e-03  -1.18105e-03  -1.18664e-03  -1.18974e-03  -1.20331e-03  -1.29635e-03  -1.98344e-03  -8.78360e-03  -5.02873e-03  -4.27427e-03  -4.06661e-03  -3.94995e-03  -3.88337e-03  -3.85215e-03  -3.93808e-03  -3.98562e-03  -3.95806e-03  -3.84919e-03  -3.95799e-03  -3.96088e-03  -3.85197e-03  -3.96088e-03  -3.95799e-03  -3.84919e-03  -3.95806e-03  -3.98562e-03  -3.93808e-03  -3.85215e-03  -3.88337e-03  -3.94995e-03  -4.06661e-03  -4.27427e-03  -5.02873e-03  -8.78360e-03  -1.98344e-03  -1.29635e-03  -1.20331e-03  -1.18974e-03  -1.18664e-03  -1.18105e-03  -1.22648e-03  -1.22608e-03  -1.22176e-03  -1.21433e-03  -1.20351e-03  -1.18945e-03  -1.17340e-03  -1.16086e-03  -1.04852e-03  -3.71009e-04  -1.31509e-04
   1.84000e-03  -1.23967e-04  -3.41416e-04  -8.78432e-04  -1.02109e-03  -1.04018e-03  -1.05598e-03  -1.06900e-03  -1.07891e-03  -1.08571e-03  -1.08957e-03  -1.08852e-03  -1.05377e-03  -1.05598e-03  -1.06012e-03  -1.07814e-03  -1.18606e-03  -1.91734e-03  -6.84112e-03  -4.73914e-03  -4.01817e-03  -3.81577e-03  -3.71829e-03  -3.67835e-03  -3.66155e-03  -3.69841e-03  -3.72996e-03  -3.71045e-03  -3.65456e-03  -3.71090e-03  -3.71427e-03  -3.65434e-03  -3.71427e-03  -3.71090e-03  -3.65456e-03  -3.71045e-03  -3.72996e-03  -3.69841e-03  -3.66155e-03  -3.67835e-03  -3.71829e-03  -3.81577e-03  -4.01817e-03  -4.73914e-03  -6.84112e-03  -1.91734e-03  -1.18606e-03  -1.07814e-03  -1.06012e-03  -1.05598e-03  -1.05377e-03  -1.08852e-03  -1.08957e-03  -1.08571e-03  -1.07891e-03  -1.06900e-03  -1.05598e-03  -1.04018e-03  -1.02109e-03  -8.78432e-04  -3.41416e-04  -1.23967e-04
   1.72500e-03  -1.16166e-04  -3.12456e-04  -7.52136e-04  -9.08285e-04  -9.34170e-04  -9.50480e-04  -9.63047e-04  -9.72452e-04  -9.78915e-04  -9.82528e-04  -9.80702e-04  -9.53896e-04  -9.54364e-04  -9.59827e-04  -9.82231e-04  -1.10258e-03  -1.84518e-03  -5.55099e-03  -4.35158e-03  -3.69242e-03  -3.49867e-03  -3.41395e-03  -3.38554e-03  -3.37395e-03  -3.39025e-03  -3.40916e-03  -3.39655e-03  -3.36628e-03  -3.39676e-03  -3.39939e-03  -3.36495e-03  -3.39939e-03  -3.39676e-03  -3.36628e-03  -3.39655e-03  -3.40916e-03  -3.39025e-03  -3.37395e-03  -3.38554e-03  -3.41395e-03  -3.49867e-03  -3.69242e-03  -4.35158e-03  -5.55099e-03  -1.84518e-03  -1.10258e-03  -9.82231e-04  -9.59827e-04  -9.54364e-04  -9.53896e-04  -9.80702e-04  -9.82528e-04  -9.78915e-04  -9.72452e-04  -9.63047e-04  -9.50480e-04  -9.34170e-04  -9.08285e-04  -7.52136e-04  -3.12456e-04  -1.16166e-04
   1.61000e-03  -1.08193e-04  -2.84415e-04  -6.50541e-04  -8.09111e-04  -8.40648e-04  -8.57490e-04  -8.69686e-04  -8.78678e-04  -8.84849e-04  -8.88262e-04  -8.86082e-04  -8.65275e-04  -8.64956e-04  -8.71588e-04  -8.97608e-04  -1.02673e-03  -1.75387e-03  -4.61615e-03  -3.94843e-03  -3.36332e-03  -3.18006e-03  -3.10439e-03  -3.08137e-03  -3.07230e-03  -3.07921e-03  -3.08993e-03  -3.08214e-03  -3.06511e-03  -3.08200e-03  -3.08373e-03  -3.06346e-03  -3.08373e-03  -3.08200e-03  -3.06511e-03  -3.08214e-03  -3.08993e-03  -3.07921e-03  -3.07230e-03  -3.08137e-03  -3.10439e-03  -3.18006e-03  -3.36332e-03  -3.94843e-03  -4.61615e-03  -1.75387e-03  -1.02673e-03  -8.97608e-04  -8.71588e-04  -8.64956e-04  -8.65275e-04  -8.86082e-04  -8.88262e-04  -8.84849e-04  -8.78678e-04  -8.69686e-04  -8.57490e-04  -8.40648e-04  -8.09111e-04  -6.50541e-04  -2.84415e-04  -1.08193e-04
   1.49500e-03  -1.00125e-04  -2.57492e-04  -5.65426e-04  -7.19458e-04  -7.55093e-04  -7.72256e-04  -7.84043e-04  -7.92606e-04  -7.98470e-04  -8.01692e-04  -7.99446e-04  -7.83217e-04  -7.82664e-04  -7.90198e-04  -8.18872e-04  -9.52924e-04  -1.64521e-03  -3.89796e-03  -3.55505e-03  -3.04742e-03  -2.87603e-03  -2.80743e-03  -2.78730e-03  -2.77968e-03  -2.78211e-03  -2.78788e-03  -2.78315e-03  -2.77329e-03  -2.78277e-03  -2.78379e-03  -2.77164e-03  -2.78379e-03  -2.78277e-03  -2.77329e-03  -2.78315e-03  -2.78788e-03  -2.78211e-03  -2.77968e-03  -2.78730e-03  -2.80743e-03  -2.87602e-03  -3.04742e-03  -3.55505e-03  -3.89796e-03  -1.64521e-03  -9.52924e-04  -8.18872e-04  -7.90198e-04  -7.82664e-04  -7.83217e-04  -7.99446e-04  -8.01692e-04  -7.98470e-04  -7.92606e-04  -7.84043e-04  -7.72256e-04  -7.55093e-04  -7.19458e-04  -5.65426e-04  -2.57492e-04  -1.00125e-04
   1.38000e-03  -9.20190e-05  -2.31802e-04  -4.92365e-04  -6.37678e-04  -6.75822e-04  -6.93026e-04  -7.04322e-04  -7.12411e-04  -7.17955e-04  -7.20978e-04  -7.18843e-04  -7.06143e-04  -7.05650e-04  -7.13810e-04  -7.44169e-04  -8.79523e-04  -1.52417e-03  -3.32224e-03  -3.17999e-03  -2.74767e-03  -2.58922e-03  -2.52675e-03  -2.50840e-03  -2.50173e-03  -2.50198e-03  -2.50491e-03  -2.50202e-03  -2.49617e-03  -2.50150e-03  -2.50205e-03  -2.49468e-03  -2.50205e-03  -2.50150e-03  -2.49617e-03  -2.50202e-03  -2.50491e-03  -2.50198e-03  -2.50173e-03  -2.50840e-03  -2.52675e-03  -2.58922e-03  -2.74767e-03  -3.17999e-03  -3.32224e-03  -1.52417e-03  -8.79523e-04  -7.44169e-04  -7.13810e-04  -7.05650e-04  -7.06143e-04  -7.18843e-04  -7.20978e-04  -7.17955e-04  -7.12411e-04  -7.04322e-04  -6.93026e-04  -6.75822e-04  -6.37675e-04  -4.92365e-04  -2.31802e-04  -9.20190e-05
   1.26500e-03  -8.39244e-05  -2.07382e-04  -4.28575e-04  -5.62779e-04  -6.01961e-04  -6.18909e-04  -6.29627e-04  -6.37208e-04  -6.42393e-04  -6.45209e-04  -6.43283e-04  -6.33335e-04  -6.33054e-04  -6.41558e-04  -6.72675e-04  -8.06042e-04  -1.39550e-03  -2.84554e-03  -2.82613e-03  -2.46364e-03  -2.31892e-03  -2.26204e-03  -2.24508e-03  -2.23912e-03  -2.23833e-03  -2.23968e-03  -2.23787e-03  -2.23432e-03  -2.23728e-03  -2.23754e-03  -2.23304e-03  -2.23754e-03  -2.23728e-03  -2.23432e-03  -2.23787e-03  -2.23968e-03  -2.23833e-03  -2.23912e-03  -2.24508e-03  -2.26204e-03  -2.31892e-03  -2.46364e-03  -2.82613e-03  -2.84554e-03  -1.39550e-03  -8.06042e-04  -6.72675e-04  -6.41558e-04  -6.33054e-04  -6.33335e-04  -6.43283e-04  -6.45209e-04  -6.42393e-04  -6.37208e-04  -6.29625e-04  -6.18909e-04  -6.01961e-04  -5.62779e-04  -4.28575e-04  -2.07382e-04  -8.39244e-05
   1.15000e-03  -7.58773e-05  -1.84214e-04  -3.72116e-04  -4.93974e-04  -5.32884e-04  -5.49283e-04  -5.59337e-04  -5.66361e-04  -5.71169e-04  -5.73766e-04  -5.72098e-04  -5.64311e-04  -5.64289e-04  -5.72876e-04  -6.03889e-04  -7.32403e-04  -1.26297e-03  -2.44062e-03  -2.49391e-03  -2.19410e-03  -2.06353e-03  -2.01204e-03  -1.99633e-03  -1.99096e-03  -1.98974e-03  -1.99020e-03  -1.98902e-03  -1.98682e-03  -1.98845e-03  -1.98852e-03  -1.98573e-03  -1.98852e-03  -1.98845e-03  -1.98682e-03  -1.98902e-03  -1.99020e-03  -1.98974e-03  -1.99096e-03  -1.99633e-03  -2.01204e-03  -2.06353e-03  -2.19410e-03  -2.49392e-03  -2.44062e-03  -1.26297e-03  -7.32403e-04  -6.03889e-04  -5.72876e-04  -5.64290e-04  -5.64311e-04  -5.72098e-04  -5.73766e-04  -5.71169e-04  -5.66361e-04  -5.59337e-04  -5.49283e-04  -5.32884e-04  -4.93974e-04  -3.72116e-04  -1.84214e-04  -7.58773e-05
   1.03500e-03  -6.79033e-05  -1.62239e-04  -3.21554e-04  -4.30524e-04  -4.68043e-04  -4.83625e-04  -4.92929e-04  -4.99366e-04  -5.03760e-04  -5.06132e-04  -5.04736e-04  -4.98654e-04  -4.98880e-04  -5.07316e-04  -5.37441e-04  -6.58651e-04  -1.12924e-03  -2.08938e-03  -2.18262e-03  -1.93763e-03  -1.82139e-03  -1.77517e-03  -1.76076e-03  -1.75593e-03  -1.75457e-03  -1.75455e-03  -1.75375e-03  -1.75234e-03  -1.75320e-03  -1.75317e-03  -1.75143e-03  -1.75317e-03  -1.75320e-03  -1.75234e-03  -1.75375e-03  -1.75455e-03  -1.75457e-03  -1.75593e-03  -1.76076e-03  -1.77517e-03  -1.82139e-03  -1.93763e-03  -2.18262e-03  -2.08938e-03  -1.12924e-03  -6.58651e-04  -5.37441e-04  -5.07316e-04  -4.98880e-04  -4.98654e-04  -5.04736e-04  -5.06132e-04  -5.03760e-04  -4.99366e-04  -4.92929e-04  -4.83625e-04  -4.68044e-04  -4.30524e-04  -3.21554e-04  -1.62239e-04  -6.79033e-05
   9.20000e-04  -6.00194e-05  -1.41365e-04  -2.75781e-04  -3.71746e-04  -4.06951e-04  -4.21455e-04  -4.29929e-04  -4.35741e-04  -4.39709e-04  -4.41840e-04  -4.40710e-04  -4.35988e-04  -4.36410e-04  -4.44475e-04  -4.72998e-04  -5.84865e-04  -9.96079e-04  -1.77915e-03  -1.89074e-03  -1.69290e-03  -1.59093e-03  -1.54995e-03  -1.53688e-03  -1.53257e-03  -1.53120e-03  -1.53097e-03  -1.53039e-03  -1.52948e-03  -1.52989e-03  -1.52982e-03  -1.52872e-03  -1.52982e-03  -1.52989e-03  -1.52948e-03  -1.53039e-03  -1.53097e-03  -1.53120e-03  -1.53257e-03  -1.53688e-03  -1.54995e-03  -1.59093e-03  -1.69290e-03  -1.89074e-03  -1.77915e-03  -9.96079e-04  -5.84865e-04  -4.72998e-04  -4.44475e-04  -4.36410e-04  -4.35988e-04  -4.40710e-04  -4.41840e-04  -4.39709e-04  -4.35741e-04  -4.29929e-04  -4.21455e-04  -4.06951e-04  -3.71746e-04  -2.75781e-04  -1.41366e-04  -6.00194e-05
   8.05000e-04  -5.22332e-05  -1.21491e-04  -2.33910e-04  -3.16994e-04  -3.49129e-04  -3.62331e-04  -3.69908e-04  -3.75062e-04  -3.78574e-04  -3.80465e-04  -3.79568e-04  -3.75928e-04  -3.76494e-04  -3.83991e-04  -4.10290e-04  -5.11150e-04  -8.64555e-04  -1.50074e-03  -1.61633e-03  -1.45859e-03  -1.37064e-03  -1.33484e-03  -1.32321e-03  -1.31940e-03  -1.31815e-03  -1.31781e-03  -1.31739e-03  -1.31676e-03  -1.31694e-03  -1.31684e-03  -1.31615e-03  -1.31684e-03  -1.31694e-03  -1.31676e-03  -1.31739e-03  -1.31781e-03  -1.31815e-03  -1.31940e-03  -1.32321e-03  -1.33484e-03  -1.37064e-03  -1.45859e-03  -1.61633e-03  -1.50074e-03  -8.64555e-04  -5.11150e-04  -4.10290e-04  -3.83991e-04  -3.76494e-04  -3.75929e-04  -3.79568e-04  -3.80465e-04  -3.78574e-04  -3.75062e-04  -3.69908e-04  -3.62331e-04  -3.49131e-04  -3.16994e-04  -2.33910e-04  -1.21491e-04  -5.22332e-05
   6.90000e-04  -4.45467e-05  -1.02496e-04  -1.95215e-04  -2.65663e-04  -2.94136e-04  -3.05826e-04  -3.12440e-04  -3.16911e-04  -3.19954e-04  -3.21594e-04  -3.20905e-04  -3.18127e-04  -3.18768e-04  -3.25522e-04  -3.49054e-04  -4.37565e-04  -7.35208e-04  -1.24720e-03  -1.35727e-03  -1.23336e-03  -1.15907e-03  -1.12844e-03  -1.11833e-03  -1.11505e-03  -1.11393e-03  -1.11356e-03  -1.11325e-03  -1.11283e-03  -1.11286e-03  -1.11276e-03  -1.11232e-03  -1.11276e-03  -1.11286e-03  -1.11283e-03  -1.11325e-03  -1.11356e-03  -1.11393e-03  -1.11505e-03  -1.11833e-03  -1.12844e-03  -1.15907e-03  -1.23336e-03  -1.35727e-03  -1.24720e-03  -7.35208e-04  -4.37565e-04  -3.49054e-04  -3.25522e-04  -3.18768e-04  -3.18127e-04  -3.20905e-04  -3.21594e-04  -3.19954e-04  -3.16911e-04  -3.12440e-04  -3.05826e-04  -2.94136e-04  -2.65663e-04  -1.95215e-04  -1.02496e-04  -4.45467e-05
   5.75000e-04  -3.69557e-05  -8.42582e-05  -1.59076e-04  -2.17188e-04  -2.41529e-04  -2.51537e-04  -2.57133e-04  -2.60898e-04  -2.63457e-04  -2.64837e-04  -2.64317e-04  -2.62234e-04  -2.62883e-04  -2.68750e-04  -2.89046e-04  -3.64172e-04  -6.08227e-04  -1.01308e-03  -1.11131e-03  -1.01591e-03  -9.54871e-04  -9.29399e-04  -9.20884e-04  -9.18109e-04  -9.17165e-04  -9.16823e-04  -9.16577e-04  -9.16275e-04  -9.16251e-04  -9.16162e-04  -9.15872e-04  -9.16162e-04  -9.16251e-04  -9.16275e-04  -9.16577e-04  -9.16823e-04  -9.17165e-04  -9.18109e-04  -9.20878e-04  -9.29399e-04  -9.54871e-04  -1.01591e-03  -1.11131e-03  -1.01308e-03  -6.08227e-04  -3.64172e-04  -2.89046e-04  -2.68750e-04  -2.62883e-04  -2.62234e-04  -2.64317e-04  -2.64837e-04  -2.63457e-04  -2.60898e-04  -2.57133e-04  -2.51537e-04  -2.41529e-04  -2.17188e-04  -1.59076e-04  -8.42582e-05  -3.69557e-05
   4.60000e-04  -2.94514e-05  -6.66511e-05  -1.24966e-04  -1.71041e-04  -1.90890e-04  -1.99070e-04  -2.03605e-04  -2.06641e-04  -2.08700e-04  -2.09812e-04  -2.09442e-04  -2.07921e-04  -2.08519e-04  -2.13364e-04  -2.30049e-04  -2.90997e-04  -4.83498e-04  -7.93948e-04  -8.76207e-04  -8.04940e-04  -7.56730e-04  -7.36384e-04  -7.29516e-04  -7.27288e-04  -7.26503e-04  -7.26225e-04  -7.26035e-04  -7.25824e-04  -7.25774e-04  -7.25691e-04  -7.25515e-04  -7.25691e-04  -7.25774e-04  -7.25824e-04  -7.26035e-04  -7.26225e-04  -7.26503e-04  -7.27288e-04  -7.29516e-04  -7.36384e-04  -7.56730e-04  -8.04940e-04  -8.76207e-04  -7.93948e-04  -4.83498e-04  -2.90997e-04  -2.30049e-04  -2.13364e-04  -2.08519e-04  -2.07921e-04  -2.09442e-04  -2.09812e-04  -2.08700e-04  -2.06641e-04  -2.03605e-04  -1.99070e-04  -1.90890e-04  -1.71041e-04  -1.24966e-04  -6.66512e-05  -2.94514e-05
   3.45000e-04  -2.20204e-05  -4.95478e-05  -9.24128e-05  -1.26718e-04  -1.41816e-04  -1.48051e-04  -1.51485e-04  -1.53775e-04  -1.55331e-04  -1.56169e-04  -1.55913e-04  -1.54857e-04  -1.55350e-04  -1.59074e-04  -1.71848e-04  -2.18025e-04  -3.60757e-04  -5.86134e-04  -6.49699e-04  -5.99167e-04  -5.63384e-04  -5.48137e-04  -5.42963e-04  -5.41289e-04  -5.40684e-04  -5.40473e-04  -5.40331e-04  -5.40197e-04  -5.40141e-04  -5.40092e-04  -5.39961e-04  -5.40092e-04  -5.40141e-04  -5.40197e-04  -5.40331e-04  -5.40473e-04  -5.40684e-04  -5.41289e-04  -5.42963e-04  -5.48137e-04  -5.63384e-04  -5.99167e-04  -6.49699e-04  -5.86134e-04  -3.60757e-04  -2.18025e-04  -1.71848e-04  -1.59074e-04  -1.55350e-04  -1.54857e-04  -1.55913e-04  -1.56169e-04  -1.55331e-04  -1.53775e-04  -1.51485e-04  -1.48051e-04  -1.41816e-04  -1.26718e-04  -9.24128e-05  -4.95478e-05  -2.20204e-05
   2.30000e-04  -1.46470e-05  -3.28231e-05  -6.09937e-05  -8.37391e-05  -9.39027e-05  -9.81044e-05  -1.00412e-04  -1.01946e-04  -1.02986e-04  -1.03547e-04  -1.03388e-04  -1.02722e-04  -1.03075e-04  -1.05600e-04  -1.14241e-04  -1.45241e-04  -2.39590e-04  -3.86406e-04  -4.29602e-04  -3.97278e-04  -3.73627e-04  -3.63478e-04  -3.59997e-04  -3.58870e-04  -3.58486e-04  -3.58323e-04  -3.58233e-04  -3.58144e-04  -3.58105e-04  -3.58073e-04  -3.57998e-04  -3.58073e-04  -3.58105e-04  -3.58144e-04  -3.58233e-04  -3.58323e-04  -3.58486e-04  -3.58870e-04  -3.59997e-04  -3.63478e-04  -3.73627e-04  -3.97278e-04  -4.29602e-04  -3.86406e-04  -2.39590e-04  -1.45241e-04  -1.14241e-04  -1.05600e-04  -1.03075e-04  -1.02722e-04  -1.03388e-04  -1.03547e-04  -1.02986e-04  -1.01946e-04  -1.00412e-04  -9.81044e-05  -9.39027e-05  -8.37391e-05  -6.09937e-05  -3.28231e-05  -1.46470e-05
   1.15000e-04  -7.31376e-06  -1.63485e-05  -3.03141e-05  -4.16501e-05  -4.67575e-05  -4.88772e-05  -5.00321e-05  -5.08022e-05  -5.13213e-05  -5.16047e-05  -5.15277e-05  -5.12062e-05  -5.13919e-05  -5.26660e-05  -5.70241e-05  -7.25881e-05  -1.19514e-04  -1.91918e-04  -2.13745e-04  -1.97990e-04  -1.86215e-04  -1.81155e-04  -1.79401e-04  -1.78832e-04  -1.78647e-04  -1.78566e-04  -1.78527e-04  -1.78483e-04  -1.78466e-04  -1.78450e-04  -1.78401e-04  -1.78450e-04  -1.78466e-04  -1.78483e-04  -1.78527e-04  -1.78566e-04  -1.78647e-04  -1.78832e-04  -1.79401e-04  -1.81155e-04  -1.86215e-04  -1.97990e-04  -2.13745e-04  -1.91918e-04  -1.19514e-04  -7.25881e-05  -5.70241e-05  -5.26660e-05  -5.13919e-05  -5.12062e-05  -5.15277e-05  -5.16047e-05  -5.13228e-05  -5.08022e-05  -5.00321e-05  -4.88772e-05  -4.67575e-05  -4.16501e-05  -3.03141e-05  -1.63485e-05  -7.31376e-06
   0.00000e+00   0.00000e+00   0.00000e+00   0.00000e+00   0.00000e+00   0.00000e+00   0.00000e+00   0.00000e+00   0.00000e+00   0.00000e+00   0.00000e+00   0.00000e+00   0.00000e+00   0.00000e+00   0.00000e+00   0.00000e+00   0.00000e+00   0.00000e+00   0.00000e+00   0.00000e+00   0.00000e+00   0.00000e+00   0.00000e+00   0.00000e+00   0.00000e+00   0.00000e+00   0.00000e+00   0.00000e+00   0.00000e+00   0.00000e+00   0.00000e+00   0.00000e+00   0.00000e+00   0.00000e+00   0.00000e+00   0.00000e+00   0.00000e+00   0.00000e+00   0.00000e+00   0.00000e+00   0.00000e+00   0.00000e+00   0.00000e+00   0.00000e+00   0.00000e+00   0.00000e+00   0.00000e+00   0.00000e+00   0.00000e+00   0.00000e+00   0.00000e+00   0.00000e+00   0.00000e+00   0.00000e+00   0.00000e+00   0.00000e+00   0.00000e+00   0.00000e+00   0.00000e+00   0.00000e+00   0.00000e+00   0.00000e+00
  -1.15000e-04   7.31376e-06   1.63485e-05   3.03141e-05   4.16501e-05   4.67575e-05   4.88772e-05   5.00321e-05   5.08022e-05   5.13213e-05   5.16047e-05   5.15277e-05   5.12062e-05   5.13919e-05   5.26660e-05   5.70241e-05   7.25881e-05   1.19514e-04   1.91918e-04   2.13745e-04   1.97990e-04   1.86215e-04   1.81155e-04   1.79401e-04   1.78832e-04   1.78647e-04   1.78566e-04   1.78527e-04   1.78483e-04   1.78466e-04   1.78450e-04   1.78401e-04   1.78450e-04   1.78466e-04   1.78483e-04   1.78527e-04   1.78566e-04   1.78647e-04   1.78832e-04   1.79401e-04   1.81155e-04   1.86215e-04   1.97990e-04   2.13745e-04   1.91918e-04   1.19514e-04   7.25881e-05   5.70241e-05   5.26660e-05   5.13919e-05   5.12062e-05   5.15277e-05   5.16047e-05   5.13228e-05   5.08022e-05   5.00321e-05   4.88772e-05   4.67575e-05   4.16501e-05   3.03141e-05   1.63485e-05   7.31376e-06
  -2.30000e-04   1.46470e-05   3.28231e-05   6.09937e-05   8.37391e-05   9.39027e-05   9.81044e-05   1.00412e-04   1.01946e-04   1.02986e-04   1.03547e-04   1.03388e-04   1.02722e-04   1.03075e-04   1.05600e-04   1.14241e-04   1.45241e-04   2.39590e-04   3.86406e-04   4.29602e-04   3.97278e-04   3.73627e-04   3.63478e-04   3.59997e-04   3.58870e-04   3.58486e-04   3.58329e-04   3.58233e-04   3.58144e-04   3.58105e-04   3.58073e-04   3.57998e-04   3.58073e-04   3.58105e-04   3.58144e-04   3.58233e-04   3.58329e-04   3.58486e-04   3.58870e-04   3.59997e-04   3.63478e-04   3.73627e-04   3.97278e-04   4.29602e-04   3.86406e-04   2.39590e-04   1.45241e-04   1.14241e-04   1.05600e-04   1.03075e-04   1.02722e-04   1.03388e-04   1.03547e-04   1.02986e-04   1.01946e-04   1.00412e-04   9.81044e-05   9.39027e-05   8.37391e-05   6.09937e-05   3.28231e-05   1.46470e-05
  -3.45000e-04   2.20204e-05   4.95478e-05   9.24128e-05   1.26718e-04   1.41816e-04   1.48051e-04   1.51485e-04   1.53775e-04   1.55331e-04   1.56169e-04   1.55913e-04   1.54857e-04   1.55350e-04   1.59074e-04   1.71848e-04   2.18025e-04   3.60757e-04   5.86134e-04   6.49699e-04   5.99167e-04   5.63384e-04   5.48137e-04   5.42963e-04   5.41289e-04   5.40684e-04   5.40473e-04   5.40331e-04   5.40197e-04   5.40141e-04   5.40092e-04   5.39961e-04   5.40092e-04   5.40141e-04   5.40197e-04   5.40331e-04   5.40473e-04   5.40684e-04   5.41289e-04   5.42963e-04   5.48137e-04   5.63384e-04   5.99167e-04   6.49699e-04   5.86134e-04   3.60757e-04   2.18025e-04   1.71848e-04   1.59074e-04   1.55350e-04   1.54857e-04   1.55913e-04   1.56169e-04   1.55331e-04   1.53775e-04   1.51485e-04   1.48051e-04   1.41816e-04   1.26718e-04   9.24128e-05   4.95478e-05   2.20204e-05
  -4.60000e-04   2.94514e-05   6.66511e-05   1.24966e-04   1.71041e-04   1.90890e-04   1.99070e-04   2.03605e-04   2.06641e-04   2.08700e-04   2.09812e-04   2.09442e-04   2.07921e-04   2.08519e-04   2.13364e-04   2.30049e-04   2.90997e-04   4.83498e-04   7.93948e-04   8.76207e-04   8.04940e-04   7.56730e-04   7.36384e-04   7.29516e-04   7.27288e-04   7.26503e-04   7.26225e-04   7.26035e-04   7.25824e-04   7.25774e-04   7.25697e-04   7.25515e-04   7.25697e-04   7.25774e-04   7.25824e-04   7.26035e-04   7.26225e-04   7.26503e-04   7.27288e-04   7.29516e-04   7.36384e-04   7.56730e-04   8.04940e-04   8.76207e-04   7.93948e-04   4.83498e-04   2.90997e-04   2.30049e-04   2.13364e-04   2.08519e-04   2.07921e-04   2.09442e-04   2.09812e-04   2.08700e-04   2.06641e-04   2.03605e-04   1.99070e-04   1.90890e-04   1.71041e-04   1.24966e-04   6.66511e-05   2.94514e-05
  -5.75000e-04   3.69557e-05   8.42582e-05   1.59076e-04   2.17188e-04   2.41529e-04   2.51537e-04   2.57133e-04   2.60898e-04   2.63457e-04   2.64837e-04   2.64317e-04   2.62234e-04   2.62883e-04   2.68750e-04   2.89046e-04   3.64172e-04   6.08227e-04   1.01308e-03   1.11131e-03   1.01591e-03   9.54871e-04   9.29399e-04   9.20884e-04   9.18109e-04   9.17165e-04   9.16823e-04   9.16577e-04   9.16275e-04   9.16251e-04   9.16162e-04   9.15872e-04   9.16162e-04   9.16251e-04   9.16275e-04   9.16577e-04   9.16823e-04   9.17165e-04   9.18109e-04   9.20884e-04   9.29399e-04   9.54871e-04   1.01591e-03   1.11131e-03   1.01308e-03   6.08227e-04   3.64172e-04   2.89046e-04   2.68750e-04   2.62883e-04   2.62234e-04   2.64317e-04   2.64837e-04   2.63457e-04   2.60898e-04   2.57133e-04   2.51537e-04   2.41529e-04   2.17188e-04   1.59076e-04   8.42582e-05   3.69557e-05
  -6.90000e-04   4.45467e-05   1.02496e-04   1.95215e-04   2.65663e-04   2.94136e-04   3.05826e-04   3.12440e-04   3.16911e-04   3.19954e-04   3.21594e-04   3.20905e-04   3.18127e-04   3.18768e-04   3.25522e-04   3.49054e-04   4.37565e-04   7.35208e-04   1.24720e-03   1.35727e-03   1.23336e-03   1.15907e-03   1.12844e-03   1.11833e-03   1.11505e-03   1.11393e-03   1.11356e-03   1.11325e-03   1.11283e-03   1.11286e-03   1.11276e-03   1.11232e-03   1.11276e-03   1.11286e-03   1.11283e-03   1.11325e-03   1.11356e-03   1.11393e-03   1.11505e-03   1.11833e-03   1.12844e-03   1.15907e-03   1.23336e-03   1.35727e-03   1.24720e-03   7.35208e-04   4.37563e-04   3.49054e-04   3.25522e-04   3.18768e-04   3.18127e-04   3.20905e-04   3.21594e-04   3.19954e-04   3.16911e-04   3.12440e-04   3.05826e-04   2.94136e-04   2.65663e-04   1.95215e-04   1.02496e-04   4.45467e-05
  -8.05000e-04   5.22332e-05   1.21491e-04   2.33910e-04   3.16994e-04   3.49131e-04   3.62331e-04   3.69908e-04   3.75062e-04   3.78574e-04   3.80465e-04   3.79568e-04   3.75929e-04   3.76494e-04   3.83991e-04   4.10290e-04   5.11150e-04   8.64555e-04   1.50074e-03   1.61633e-03   1.45859e-03   1.37064e-03   1.33484e-03   1.32321e-03   1.31940e-03   1.31815e-03   1.31781e-03   1.31739e-03   1.31676e-03   1.31694e-03   1.31684e-03   1.31614e-03   1.31684e-03   1.31694e-03   1.31676e-03   1.31739e-03   1.31781e-03   1.31815e-03   1.31940e-03   1.32321e-03   1.33484e-03   1.37064e-03   1.45859e-03   1.61633e-03   1.50074e-03   8.64555e-04   5.11150e-04   4.10290e-04   3.83991e-04   3.76494e-04   3.75928e-04   3.79568e-04   3.80465e-04   3.78574e-04   3.75062e-04   3.69908e-04   3.62331e-04   3.49129e-04   3.16994e-04   2.33910e-04   1.21491e-04   5.22332e-05
  -9.20000e-04   6.00194e-05   1.41366e-04   2.75781e-04   3.71746e-04   4.06951e-04   4.21455e-04   4.29929e-04   4.35741e-04   4.39709e-04   4.41840e-04   4.40710e-04   4.35988e-04   4.36410e-04   4.44475e-04   4.73000e-04   5.84865e-04   9.96079e-04   1.77915e-03   1.89074e-03   1.69290e-03   1.59093e-03   1.54995e-03   1.53688e-03   1.53257e-03   1.53120e-03   1.53097e-03   1.53039e-03   1.52948e-03   1.52989e-03   1.52982e-03   1.52872e-03   1.52982e-03   1.52989e-03   1.52948e-03   1.53039e-03   1.53097e-03   1.53120e-03   1.53257e-03   1.53688e-03   1.54995e-03   1.59093e-03   1.69290e-03   1.89074e-03   1.77915e-03   9.96079e-04   5.84865e-04   4.73000e-04   4.44475e-04   4.36410e-04   4.35988e-04   4.40710e-04   4.41840e-04   4.39709e-04   4.35741e-04   4.29929e-04   4.21455e-04   4.06951e-04   3.71746e-04   2.75781e-04   1.41366e-04   6.00194e-05
  -1.03500e-03   6.79033e-05   1.62239e-04   3.21554e-04   4.30524e-04   4.68043e-04   4.83625e-04   4.92929e-04   4.99366e-04   5.03760e-04   5.06132e-04   5.04736e-04   4.98654e-04   4.98880e-04   5.07316e-04   5.37441e-04   6.58651e-04   1.12924e-03   2.08938e-03   2.18262e-03   1.93763e-03   1.82139e-03   1.77517e-03   1.76076e-03   1.75593e-03   1.75457e-03   1.75455e-03   1.75375e-03   1.75234e-03   1.75320e-03   1.75317e-03   1.75143e-03   1.75317e-03   1.75320e-03   1.75234e-03   1.75375e-03   1.75455e-03   1.75457e-03   1.75593e-03   1.76076e-03   1.77517e-03   1.82139e-03   1.93763e-03   2.18262e-03   2.08938e-03   1.12924e-03   6.58651e-04   5.37441e-04   5.07316e-04   4.98880e-04   4.98654e-04   5.04736e-04   5.06132e-04   5.03760e-04   4.99366e-04   4.92929e-04   4.83625e-04   4.68043e-04   4.30524e-04   3.21554e-04   1.62239e-04   6.79033e-05
  -1.15000e-03   7.58773e-05   1.84214e-04   3.72116e-04   4.93974e-04   5.32884e-04   5.49283e-04   5.59337e-04   5.66361e-04   5.71169e-04   5.73766e-04   5.72098e-04   5.64311e-04   5.64290e-04   5.72876e-04   6.03889e-04   7.32403e-04   1.26297e-03   2.44062e-03   2.49392e-03   2.19410e-03   2.06353e-03   2.01204e-03   1.99633e-03   1.99096e-03   1.98974e-03   1.99020e-03   1.98902e-03   1.98682e-03   1.98845e-03   1.98852e-03   1.98573e-03   1.98852e-03   1.98845e-03   1.98682e-03   1.98902e-03   1.99020e-03   1.98974e-03   1.99096e-03   1.99633e-03   2.01204e-03   2.06353e-03   2.19410e-03   2.49391e-03   2.44062e-03   1.26297e-03   7.32403e-04   6.03889e-04   5.72876e-04   5.64289e-04   5.64311e-04   5.72098e-04   5.73766e-04   5.71169e-04   5.66361e-04   5.59337e-04   5.49283e-04   5.32884e-04   4.93974e-04   3.72116e-04   1.84214e-04   7.58773e-05
  -1.26500e-03   8.39245e-05   2.07382e-04   4.28575e-04   5.62779e-04   6.01961e-04   6.18909e-04   6.29627e-04   6.37208e-04   6.42393e-04   6.45209e-04   6.43283e-04   6.33335e-04   6.33054e-04   6.41558e-04   6.72675e-04   8.06042e-04   1.39550e-03   2.84554e-03   2.82613e-03   2.46364e-03   2.31892e-03   2.26204e-03   2.24508e-03   2.23912e-03   2.23833e-03   2.23969e-03   2.23787e-03   2.23432e-03   2.23728e-03   2.23754e-03   2.23303e-03   2.23754e-03   2.23728e-03   2.23432e-03   2.23787e-03   2.23969e-03   2.23833e-03   2.23912e-03   2.24508e-03   2.26204e-03   2.31892e-03   2.46364e-03   2.82613e-03   2.84554e-03   1.39550e-03   8.06042e-04   6.72675e-04   6.41558e-04   6.33054e-04   6.33335e-04   6.43283e-04   6.45209e-04   6.42393e-04   6.37208e-04   6.29627e-04   6.18909e-04   6.01961e-04   5.62779e-04   4.28575e-04   2.07382e-04   8.39244e-05
  -1.38000e-03   9.20190e-05   2.31802e-04   4.92365e-04   6.37675e-04   6.75822e-04   6.93026e-04   7.04322e-04   7.12411e-04   7.17955e-04   7.20978e-04   7.18843e-04   7.06143e-04   7.05650e-04   7.13810e-04   7.44169e-04   8.79523e-04   1.52417e-03   3.32224e-03   3.17999e-03   2.74767e-03   2.58922e-03   2.52675e-03   2.50840e-03   2.50173e-03   2.50198e-03   2.50491e-03   2.50202e-03   2.49617e-03   2.50150e-03   2.50205e-03   2.49468e-03   2.50205e-03   2.50150e-03   2.49617e-03   2.50202e-03   2.50491e-03   2.50198e-03   2.50173e-03   2.50840e-03   2.52675e-03   2.58922e-03   2.74767e-03   3.17999e-03   3.32224e-03   1.52417e-03   8.79523e-04   7.44169e-04   7.13810e-04   7.05650e-04   7.06143e-04   7.18843e-04   7.20978e-04   7.17955e-04   7.12411e-04   7.04322e-04   6.93026e-04   6.75822e-04   6.37678e-04   4.92365e-04   2.31802e-04   9.20190e-05
  -1.49500e-03   1.00125e-04   2.57492e-04   5.65426e-04   7.19458e-04   7.55093e-04   7.72256e-04   7.84043e-04   7.92606e-04   7.98470e-04   8.01692e-04   7.99446e-04   7.83217e-04   7.82664e-04   7.90198e-04   8.18872e-04   9.52924e-04   1.64521e-03   3.89796e-03   3.55505e-03   3.04742e-03   2.87602e-03   2.80743e-03   2.78730e-03   2.77968e-03   2.78211e-03   2.78788e-03   2.78315e-03   2.77329e-03   2.78277e-03   2.78379e-03   2.77164e-03   2.78379e-03   2.78277e-03   2.77329e-03   2.78315e-03   2.78788e-03   2.78211e-03   2.77968e-03   2.78730e-03   2.80743e-03   2.87602e-03   3.04742e-03   3.55506e-03   3.89796e-03   1.64521e-03   9.52924e-04   8.18872e-04   7.90198e-04   7.82664e-04   7.83217e-04   7.99446e-04   8.01692e-04   7.98470e-04   7.92606e-04   7.84043e-04   7.72256e-04   7.55093e-04   7.19458e-04   5.65426e-04   2.57492e-04   1.00125e-04
  -1.61000e-03   1.08193e-04   2.84415e-04   6.50541e-04   8.09111e-04   8.40648e-04   8.57490e-04   8.69686e-04   8.78678e-04   8.84849e-04   8.88262e-04   8.86082e-04   8.65275e-04   8.64956e-04   8.71588e-04   8.97608e-04   1.02673e-03   1.75387e-03   4.61615e-03   3.94843e-03   3.36332e-03   3.18006e-03   3.10439e-03   3.08137e-03   3.07230e-03   3.07921e-03   3.08993e-03   3.08214e-03   3.06511e-03   3.08200e-03   3.08373e-03   3.06346e-03   3.08373e-03   3.08200e-03   3.06511e-03   3.08214e-03   3.08993e-03   3.07921e-03   3.07230e-03   3.08137e-03   3.10439e-03   3.18006e-03   3.36332e-03   3.94843e-03   4.61615e-03   1.75387e-03   1.02673e-03   8.97608e-04   8.71588e-04   8.64956e-04   8.65275e-04   8.86082e-04   8.88262e-04   8.84849e-04   8.78678e-04   8.69686e-04   8.57490e-04   8.40648e-04   8.09111e-04   6.50541e-04   2.84415e-04   1.08193e-04
  -1.72500e-03   1.16166e-04   3.12455e-04   7.52136e-04   9.08285e-04   9.34170e-04   9.50480e-04   9.63047e-04   9.72452e-04   9.78915e-04   9.82528e-04   9.80702e-04   9.53896e-04   9.54364e-04   9.59827e-04   9.82231e-04   1.10258e-03   1.84518e-03   5.55099e-03   4.35158e-03   3.69242e-03   3.49867e-03   3.41395e-03   3.38554e-03   3.37396e-03   3.39025e-03   3.40916e-03   3.39655e-03   3.36628e-03   3.39676e-03   3.39939e-03   3.36495e-03   3.39939e-03   3.39676e-03   3.36628e-03   3.39655e-03   3.40916e-03   3.39025e-03   3.37396e-03   3.38554e-03   3.41394e-03   3.49867e-03   3.69242e-03   4.35158e-03   5.55099e-03   1.84518e-03   1.10258e-03   9.82231e-04   9.59827e-04   9.54364e-04   9.53896e-04   9.80702e-04   9.82528e-04   9.78915e-04   9.72452e-04   9.63047e-04   9.50480e-04   9.34170e-04   9.08285e-04   7.52136e-04   3.12456e-04   1.16166e-04
  -1.84000e-03   1.23967e-04   3.41416e-04   8.78432e-04   1.02109e-03   1.04018e-03   1.05598e-03   1.06900e-03   1.07891e-03   1.08571e-03   1.08957e-03   1.08852e-03   1.05377e-03   1.05598e-03   1.06012e-03   1.07814e-03   1.18606e-03   1.91734e-03   6.84112e-03   4.73914e-03   4.01817e-03   3.81577e-03   3.71829e-03   3.67835e-03   3.66155e-03   3.69841e-03   3.72996e-03   3.71045e-03   3.65456e-03   3.71090e-03   3.71428e-03   3.65434e-03   3.71428e-03   3.71090e-03   3.65456e-03   3.71045e-03   3.72996e-03   3.69841e-03   3.66154e-03   3.67835e-03   3.71829e-03   3.81577e-03   4.01817e-03   4.73914e-03   6.84113e-03   1.91734e-03   1.18606e-03   1.07814e-03   1.06012e-03   1.05598e-03   1.05377e-03   1.08852e-03   1.08957e-03   1.08571e-03   1.07891e-03   1.06900e-03   1.05598e-03   1.04018e-03   1.02109e-03   8.78432e-04   3.41416e-04   1.23967e-04
  -1.95500e-03   1.31509e-04   3.71009e-04   1.04852e-03   1.16086e-03   1.17340e-03   1.18945e-03   1.20351e-03   1.21433e-03   1.22176e-03   1.22608e-03   1.22648e-03   1.18105e-03   1.18664e-03   1.18974e-03   1.20331e-03   1.29635e-03   1.98344e-03   8.78360e-03   5.02873e-03   4.27427e-03   4.06661e-03   3.94995e-03   3.88337e-03   3.85215e-03   3.93808e-03   3.98562e-03   3.95806e-03   3.84919e-03   3.95799e-03   3.96088e-03   3.85197e-03   3.96088e-03   3.95799e-03   3.84919e-03   3.95806e-03   3.98562e-03   3.93808e-03   3.85215e-03   3.88337e-03   3.94995e-03   4.06661e-03   4.27427e-03   5.02873e-03   8.78360e-03   1.98344e-03   1.29635e-03   1.20331e-03   1.18974e-03   1.18664e-03   1.18105e-03   1.22648e-03   1.22608e-03   1.22176e-03   1.21433e-03   1.20351e-03   1.18945e-03   1.17340e-03   1.16086e-03   1.04852e-03   3.71009e-04   1.31509e-04
  -2.07000e-03   1.38689e-04   4.00869e-04   1.32080e-03   1.37419e-03   1.38476e-03   1.40433e-03   1.42167e-03   1.43491e-03   1.44405e-03   1.44967e-03   1.45266e-03   1.39291e-03   1.40454e-03   1.40836e-03   1.41986e-03   1.50004e-03   2.11083e-03   1.22266e-02   4.95260e-03   4.23355e-03   4.03049e-03   3.88885e-03   3.76012e-03   3.67125e-03   3.88947e-03   3.94598e-03   3.91355e-03   3.68118e-03   3.91053e-03   3.90926e-03   3.69105e-03   3.90926e-03   3.91053e-03   3.68118e-03   3.91355e-03   3.94598e-03   3.88947e-03   3.67125e-03   3.76012e-03   3.88885e-03   4.03049e-03   4.23355e-03   4.95260e-03   1.22266e-02   2.11083e-03   1.50004e-03   1.41986e-03   1.40836e-03   1.40454e-03   1.39291e-03   1.45266e-03   1.44967e-03   1.44405e-03   1.43491e-03   1.42167e-03   1.40433e-03   1.38475e-03   1.37419e-03   1.32080e-03   4.00869e-04   1.38689e-04
  -2.18500e-03   1.45391e-04   4.30595e-04   1.93481e-03   1.76563e-03   1.78705e-03   1.81840e-03   1.84450e-03   1.86391e-03   1.87741e-03   1.88634e-03   1.89393e-03   1.81727e-03   1.83836e-03   1.84758e-03   1.86408e-03   1.94189e-03   2.45546e-03   2.30829e-02   3.56467e-03   3.08275e-03   2.93504e-03   2.80408e-03   2.60518e-03   2.20411e-03   2.81725e-03   2.84837e-03   2.82465e-03   2.20218e-03   2.81608e-03   2.80673e-03   2.15668e-03   2.80673e-03   2.81608e-03   2.20218e-03   2.82465e-03   2.84837e-03   2.81725e-03   2.20411e-03   2.60518e-03   2.80408e-03   2.93504e-03   3.08275e-03   3.56467e-03   2.30829e-02   2.45546e-03   1.94189e-03   1.86408e-03   1.84758e-03   1.83836e-03   1.81727e-03   1.89393e-03   1.88634e-03   1.87741e-03   1.86391e-03   1.84450e-03   1.81840e-03   1.78705e-03   1.76563e-03   1.93481e-03   4.30595e-04   1.45391e-04
  -2.30000e-03   1.51483e-04   4.59783e-04  -1.69738e-04  -1.55907e-03  -1.88145e-03  -2.06421e-03  -2.17885e-03  -2.25474e-03  -2.30830e-03  -2.34995e-03  -2.38342e-03  -2.47212e-03  -2.52453e-03  -2.63311e-03  -2.81175e-03  -3.09139e-03  -3.46472e-03   1.21820e-02  -1.08750e-03  -1.91477e-03  -2.89133e-03  -3.78940e-03  -4.39580e-03  -4.75813e-03  -5.03438e-03  -5.36325e-03  -5.55281e-03  -5.69736e-03  -5.72022e-03  -5.79811e-03  -5.80041e-03  -5.79811e-03  -5.72022e-03  -5.69736e-03  -5.55281e-03  -5.36325e-03  -5.03438e-03  -4.75813e-03  -4.39580e-03  -3.78940e-03  -2.89133e-03  -1.91477e-03  -1.08750e-03   1.21820e-02  -3.46472e-03  -3.09139e-03  -2.81175e-03  -2.63311e-03  -2.52453e-03  -2.47212e-03  -2.38342e-03  -2.34995e-03  -2.30830e-03  -2.25474e-03  -2.17885e-03  -2.06421e-03  -1.88145e-03  -1.55907e-03  -1.69738e-04   4.59783e-04   1.51483e-04
# Longitudinally Integrated Squared Transverse Magnetic Field [T2m]
START
                -3.00000e-02  -2.90000e-02  -2.80000e-02  -2.70000e-02  -2.60000e-02  -2.50000e-02  -2.40000e-02  -2.30000e-02  -2.20000e-02  -2.10000e-02  -2.00000e-02  -1.90000e-02  -1.80000e-02  -1.70000e-02  -1.60000e-02  -1.50000e-02  -1.40000e-02  -1.30000e-02  -1.20000e-02  -1.10000e-02  -1.00000e-02  -9.00000e-03  -8.00000e-03  -7.00000e-03  -6.00000e-03  -5.00000e-03  -4.00000e-03  -3.00000e-03  -2.00000e-03  -1.00000e-03   0.00000e+00   1.00000e-03   2.00000e-03   3.00000e-03   4.00000e-03   5.00000e-03   6.00000e-03   7.00000e-03   8.00000e-03   9.00000e-03   1.00000e-02   1.10000e-02   1.20000e-02   1.30000e-02   1.40000e-02   1.50000e-02   1.60000e-02   1.70000e-02   1.80000e-02   1.90000e-02   2.00000e-02   2.10000e-02   2.20000e-02   2.30000e-02   2.40000e-02   2.50000e-02   2.60000e-02   2.70000e-02   2.80000e-02   2.90000e-02   3.00000e-02
   2.30000e-03   9.27025e-02   2.11361e-01   4.52952e-01   5.59431e-01   6.33068e-01   6.87998e-01   7.28025e-01   7.57019e-01   7.78514e-01   7.95626e-01   8.10928e-01   8.19421e-01   8.50222e-01   9.01495e-01   9.93112e-01   1.17815e+00   1.64774e+00   3.80160e+00   2.97288e+00   3.05851e+00   2.80230e+00   2.76509e+00   2.72937e+00   2.71831e+00   2.73427e+00   2.73440e+00   2.72462e+00   2.69569e+00   2.71994e+00   2.71835e+00   3.06439e+00   2.71835e+00   2.71994e+00   2.69569e+00   2.72462e+00   2.73440e+00   2.73427e+00   2.71831e+00   2.72937e+00   2.76509e+00   2.80230e+00   2.85336e+00   2.97288e+00   3.80160e+00   1.64774e+00   1.17815e+00   9.93112e-01   9.01495e-01   8.50222e-01   8.19421e-01   8.10928e-01   7.95626e-01   7.78514e-01   7.57019e-01   7.28025e-01   6.87998e-01   6.33068e-01   5.59431e-01   4.52952e-01   2.11361e-01   9.27025e-02
   2.18500e-03   8.84602e-02   1.97791e-01   4.26071e-01   5.48730e-01   6.26063e-01   6.82721e-01   7.23720e-01   7.53322e-01   7.75250e-01   7.92724e-01   8.08302e-01   8.19284e-01   8.50323e-01   9.02767e-01   9.96273e-01   1.18318e+00   1.64544e+00   3.41165e+00   2.86855e+00   2.76905e+00   2.73941e+00   2.72284e+00   2.71144e+00   2.70261e+00   2.72201e+00   2.72905e+00   2.72489e+00   2.70189e+00   2.72452e+00   2.72479e+00   2.70103e+00   2.72479e+00   2.72452e+00   2.70189e+00   2.72489e+00   2.72905e+00   2.72201e+00   2.70261e+00   2.71144e+00   2.72284e+00   2.73941e+00   2.76905e+00   2.86855e+00   3.41165e+00   1.64544e+00   1.18318e+00   9.96273e-01   9.02767e-01   8.50323e-01   8.19284e-01   8.08302e-01   7.92724e-01   7.75250e-01   7.53322e-01   7.23720e-01   6.82721e-01   6.26063e-01   5.48730e-01   4.26071e-01   1.97791e-01   8.84602e-02
   2.07000e-03   8.44118e-02   1.85351e-01   3.75154e-01   4.98221e-01   5.75231e-01   6.31190e-01   6.71584e-01   7.00731e-01   7.22344e-01   7.39616e-01   7.55054e-01   7.68301e-01   7.98901e-01   8.51181e-01   9.44321e-01   1.12890e+00   1.57257e+00   2.86399e+00   2.72570e+00   2.64634e+00   2.62209e+00   2.60936e+00   2.60306e+00   2.60015e+00   2.60804e+00   2.61316e+00   2.61005e+00   2.59931e+00   2.60982e+00   2.61019e+00   2.59894e+00   2.61019e+00   2.60982e+00   2.59931e+00   2.61005e+00   2.61316e+00   2.60804e+00   2.60015e+00   2.60306e+00   2.60936e+00   2.62209e+00   2.64634e+00   2.72570e+00   2.86399e+00   1.57257e+00   1.12890e+00   9.44321e-01   8.51181e-01   7.98901e-01   7.68301e-01   7.55054e-01   7.39616e-01   7.22344e-01   7.00731e-01   6.71584e-01   6.31190e-01   5.75231e-01   4.98221e-01   3.75154e-01   1.85351e-01   8.44118e-02
   1.95500e-03   8.05705e-02   1.73967e-01   3.38646e-01   4.58605e-01   5.35377e-01   5.90850e-01   6.30808e-01   6.59619e-01   6.81001e-01   6.98136e-01   7.13537e-01   7.28444e-01   7.58839e-01   8.11028e-01   9.03804e-01   1.08575e+00   1.50833e+00   2.53331e+00   2.56172e+00   2.50585e+00   2.48780e+00   2.47860e+00   2.47523e+00   2.47396e+00   2.47746e+00   2.48070e+00   2.47864e+00   2.47304e+00   2.47842e+00   2.47872e+00   2.47250e+00   2.47872e+00   2.47842e+00   2.47304e+00   2.47864e+00   2.48070e+00   2.47746e+00   2.47396e+00   2.47523e+00   2.47860e+00   2.48780e+00   2.50585e+00   2.56172e+00   2.53331e+00   1.50833e+00   1.08575e+00   9.03804e-01   8.11028e-01   7.58839e-01   7.28444e-01   7.13537e-01   6.98136e-01   6.81001e-01   6.59619e-01   6.30808e-01   5.90850e-01   5.35377e-01   4.58605e-01   3.38646e-01   1.73967e-01   8.05705e-02
   1.84000e-03   7.69460e-02   1.63577e-01   3.09547e-01   4.25334e-01   5.01711e-01   5.56748e-01   5.96328e-01   6.24849e-01   6.46032e-01   6.63053e-01   6.78473e-01   6.94608e-01   7.24928e-01   7.77014e-01   8.69321e-01   1.04821e+00   1.44824e+00   2.28895e+00   2.40424e+00   2.37133e+00   2.35935e+00   2.35309e+00   2.35133e+00   2.35075e+00   2.35245e+00   2.35437e+00   2.35309e+00   2.35000e+00   2.35284e+00   2.35302e+00   2.34943e+00   2.35302e+00   2.35284e+00   2.35000e+00   2.35309e+00   2.35437e+00   2.35245e+00   2.35075e+00   2.35133e+00   2.35309e+00   2.35935e+00   2.37133e+00   2.40424e+00   2.28895e+00   1.44824e+00   1.04821e+00   8.69321e-01   7.77014e-01   7.24928e-01   6.94608e-01   6.78473e-01   6.63053e-01   6.46032e-01   6.24849e-01   5.96328e-01   5.56748e-01   5.01711e-01   4.25334e-01   3.09547e-01   1.63577e-01   7.69460e-02
   1.72500e-03   7.35450e-02   1.54124e-01   2.85357e-01   3.96508e-01   4.72277e-01   5.26870e-01   5.66093e-01   5.94344e-01   6.15341e-01   6.32258e-01   6.47727e-01   6.64785e-01   6.95093e-01   7.47042e-01   8.38753e-01   1.01421e+00   1.39126e+00   2.09743e+00   2.26025e+00   2.24843e+00   2.24227e+00   2.23851e+00   2.23779e+00   2.23763e+00   2.23854e+00   2.23966e+00   2.23888e+00   2.23711e+00   2.23862e+00   2.23869e+00   2.23656e+00   2.23869e+00   2.23862e+00   2.23711e+00   2.23888e+00   2.23966e+00   2.23854e+00   2.23763e+00   2.23779e+00   2.23851e+00   2.24227e+00   2.24843e+00   2.26025e+00   2.09743e+00   1.39126e+00   1.01421e+00   8.38753e-01   7.47042e-01   6.95093e-01   6.64785e-01   6.47727e-01   6.32258e-01   6.15341e-01   5.94344e-01   5.66093e-01   5.26870e-01   4.72277e-01   3.96508e-01   2.85357e-01   1.54124e-01   7.35450e-02
   1.61000e-03   7.03722e-02   1.45552e-01   2.64841e-01   3.71255e-01   4.46225e-01   5.00357e-01   5.39234e-01   5.67227e-01   5.88047e-01   6.04867e-01   6.20398e-01   6.38160e-01   6.68485e-01   7.20261e-01   8.11264e-01   9.82998e-01   1.33750e+00   1.94220e+00   2.13086e+00   2.13776e+00   2.13710e+00   2.13556e+00   2.13560e+00   2.13575e+00   2.13631e+00   2.13697e+00   2.13650e+00   2.13544e+00   2.13623e+00   2.13623e+00   2.13495e+00   2.13623e+00   2.13623e+00   2.13544e+00   2.13650e+00   2.13697e+00   2.13631e+00   2.13575e+00   2.13560e+00   2.13556e+00   2.13710e+00   2.13776e+00   2.13086e+00   1.94220e+00   1.33750e+00   9.82998e-01   8.11264e-01   7.20261e-01   6.68485e-01   6.38160e-01   6.20398e-01   6.04867e-01   5.88047e-01   5.67227e-01   5.39234e-01   5.00357e-01   4.46225e-01   3.71255e-01   2.64841e-01   1.45552e-01   7.03722e-02
   1.49500e-03   6.74298e-02   1.37811e-01   2.47246e-01   3.49049e-01   4.23074e-01   4.76732e-01   5.15273e-01   5.43021e-01   5.63672e-01   5.80399e-01   5.95999e-01   6.14301e-01   6.44651e-01   6.96225e-01   7.86433e-01   9.54277e-01   1.28726e+00   1.81367e+00   2.01549e+00   2.03862e+00   2.04309e+00   2.04356e+00   2.04424e+00   2.04463e+00   2.04505e+00   2.04546e+00   2.04517e+00   2.04452e+00   2.04491e+00   2.04486e+00   2.04407e+00   2.04486e+00   2.04491e+00   2.04452e+00   2.04517e+00   2.04546e+00   2.04505e+00   2.04463e+00   2.04424e+00   2.04356e+00   2.04309e+00   2.03862e+00   2.01549e+00   1.81367e+00   1.28726e+00   9.54277e-01   7.86433e-01   6.96225e-01   6.44651e-01   6.14301e-01   5.95999e-01   5.80399e-01   5.63672e-01   5.43021e-01   5.15273e-01   4.76732e-01   4.23074e-01   3.49049e-01   2.47246e-01   1.37811e-01   6.74298e-02
   1.38000e-03   6.47188e-02   1.30850e-01   2.32064e-01   3.29513e-01   4.02496e-01   4.55673e-01   4.93891e-01   5.21406e-01   5.41897e-01   5.58537e-01   5.74202e-01   5.92922e-01   6.23295e-01   6.74646e-01   7.64001e-01   9.27889e-01   1.24082e+00   1.70573e+00   1.91317e+00   1.95008e+00   1.95931e+00   1.96161e+00   1.96285e+00   1.96345e+00   1.96383e+00   1.96410e+00   1.96393e+00   1.96351e+00   1.96368e+00   1.96360e+00   1.96311e+00   1.96360e+00   1.96368e+00   1.96351e+00   1.96393e+00   1.96410e+00   1.96383e+00   1.96345e+00   1.96285e+00   1.96161e+00   1.95931e+00   1.95008e+00   1.91317e+00   1.70573e+00   1.24082e+00   9.27889e-01   7.64001e-01   6.74646e-01   6.23295e-01   5.92922e-01   5.74202e-01   5.58537e-01   5.41897e-01   5.21406e-01   4.93891e-01   4.55673e-01   4.02496e-01   3.29513e-01   2.32064e-01   1.30850e-01   6.47188e-02
   1.26500e-03   6.22384e-02   1.24621e-01   2.18926e-01   3.12350e-01   3.84239e-01   4.36938e-01   4.74847e-01   5.02142e-01   5.22483e-01   5.39042e-01   5.54767e-01   5.73812e-01   6.04202e-01   6.55316e-01   7.43785e-01   9.03748e-01   1.19833e+00   1.61431e+00   1.82285e+00   1.87130e+00   1.88489e+00   1.88885e+00   1.89060e+00   1.89139e+00   1.89177e+00   1.89198e+00   1.89187e+00   1.89159e+00   1.89163e+00   1.89155e+00   1.89123e+00   1.89155e+00   1.89163e+00   1.89159e+00   1.89187e+00   1.89198e+00   1.89177e+00   1.89139e+00   1.89060e+00   1.88885e+00   1.88489e+00   1.87130e+00   1.82285e+00   1.61431e+00   1.19833e+00   9.03748e-01   7.43785e-01   6.55316e-01   6.04202e-01   5.73812e-01   5.54767e-01   5.39042e-01   5.22483e-01   5.02142e-01   4.74847e-01   4.36938e-01   3.84239e-01   3.12350e-01   2.18926e-01   1.24621e-01   6.22384e-02
   1.15000e-03   5.99872e-02   1.19080e-01   2.07555e-01   2.97318e-01   3.68103e-01   4.20334e-01   4.57952e-01   4.85043e-01   5.05244e-01   5.21727e-01   5.37505e-01   5.56802e-01   5.87200e-01   6.38071e-01   7.25648e-01   8.81802e-01   1.15984e+00   1.53652e+00   1.74355e+00   1.80152e+00   1.81904e+00   1.82453e+00   1.82675e+00   1.82769e+00   1.82810e+00   1.82828e+00   1.82822e+00   1.82802e+00   1.82800e+00   1.82790e+00   1.82770e+00   1.82790e+00   1.82800e+00   1.82802e+00   1.82822e+00   1.82828e+00   1.82810e+00   1.82769e+00   1.82675e+00   1.82453e+00   1.81904e+00   1.80152e+00   1.74355e+00   1.53652e+00   1.15984e+00   8.81802e-01   7.25648e-01   6.38071e-01   5.87200e-01   5.56802e-01   5.37505e-01   5.21727e-01   5.05244e-01   4.85043e-01   4.57952e-01   4.20334e-01   3.68103e-01   2.97318e-01   2.07555e-01   1.19080e-01   5.99872e-02
   1.03500e-03   5.79630e-02   1.14188e-01   1.97736e-01   2.84217e-01   3.53922e-01   4.05704e-01   4.43051e-01   4.69953e-01   4.90025e-01   5.06439e-01   5.22261e-01   5.41755e-01   5.72153e-01   6.22782e-01   7.09482e-01   8.62017e-01   1.12536e+00   1.47027e+00   1.67435e+00   1.74008e+00   1.76113e+00   1.76799e+00   1.77064e+00   1.77173e+00   1.77218e+00   1.77235e+00   1.77231e+00   1.77216e+00   1.77210e+00   1.77201e+00   1.77187e+00   1.77201e+00   1.77210e+00   1.77216e+00   1.77231e+00   1.77235e+00   1.77218e+00   1.77173e+00   1.77064e+00   1.76799e+00   1.76113e+00   1.74008e+00   1.67435e+00   1.47027e+00   1.12536e+00   8.62017e-01   7.09482e-01   6.22782e-01   5.72153e-01   5.41755e-01   5.22261e-01   5.06439e-01   4.90025e-01   4.69953e-01   4.43051e-01   4.05704e-01   3.53922e-01   2.84217e-01   1.97736e-01   1.14188e-01   5.79630e-02
   9.20000e-04   5.61628e-02   1.09907e-01   1.89301e-01   2.72879e-01   3.41558e-01   3.92917e-01   4.30015e-01   4.56745e-01   4.76700e-01   4.93051e-01   5.08910e-01   5.28557e-01   5.58946e-01   6.09342e-01   6.95203e-01   8.44371e-01   1.09483e+00   1.41397e+00   1.61446e+00   1.68645e+00   1.71060e+00   1.71869e+00   1.72172e+00   1.72295e+00   1.72343e+00   1.72361e+00   1.72359e+00   1.72347e+00   1.72339e+00   1.72330e+00   1.72320e+00   1.72330e+00   1.72339e+00   1.72347e+00   1.72359e+00   1.72361e+00   1.72343e+00   1.72295e+00   1.72172e+00   1.71869e+00   1.71060e+00   1.68645e+00   1.61446e+00   1.41397e+00   1.09483e+00   8.44371e-01   6.95203e-01   6.09342e-01   5.58946e-01   5.28557e-01   5.08910e-01   4.93051e-01   4.76700e-01   4.56745e-01   4.30015e-01   3.92917e-01   3.41558e-01   2.72879e-01   1.89301e-01   1.09907e-01   5.61628e-02
   8.05000e-04   5.45838e-02   1.06204e-01   1.82117e-01   2.63167e-01   3.30895e-01   3.81865e-01   4.18738e-01   4.45315e-01   4.65165e-01   4.81460e-01   4.97347e-01   5.17112e-01   5.47489e-01   5.97664e-01   6.82742e-01   8.28844e-01   1.06818e+00   1.36645e+00   1.56316e+00   1.64015e+00   1.66699e+00   1.67616e+00   1.67954e+00   1.68088e+00   1.68140e+00   1.68158e+00   1.68158e+00   1.68149e+00   1.68140e+00   1.68131e+00   1.68124e+00   1.68131e+00   1.68140e+00   1.68149e+00   1.68158e+00   1.68158e+00   1.68140e+00   1.68088e+00   1.67954e+00   1.67616e+00   1.66699e+00   1.64015e+00   1.56316e+00   1.36645e+00   1.06818e+00   8.28844e-01   6.82742e-01   5.97664e-01   5.47489e-01   5.17112e-01   4.97347e-01   4.81460e-01   4.65165e-01   4.45315e-01   4.18738e-01   3.81865e-01   3.30895e-01   2.63167e-01   1.82117e-01   1.06204e-01   5.45838e-02
   6.90000e-04   5.32229e-02   1.03052e-01   1.76077e-01   2.54962e-01   3.21836e-01   3.72457e-01   4.09131e-01   4.35572e-01   4.55331e-01   4.71576e-01   4.87487e-01   5.07342e-01   5.37702e-01   5.87675e-01   6.72042e-01   8.15421e-01   1.04532e+00   1.32677e+00   1.51985e+00   1.60077e+00   1.62991e+00   1.64002e+00   1.64371e+00   1.64514e+00   1.64570e+00   1.64589e+00   1.64590e+00   1.64582e+00   1.64573e+00   1.64564e+00   1.64558e+00   1.64564e+00   1.64573e+00   1.64582e+00   1.64590e+00   1.64589e+00   1.64570e+00   1.64514e+00   1.64371e+00   1.64002e+00   1.62991e+00   1.60077e+00   1.51985e+00   1.32677e+00   1.04532e+00   8.15421e-01   6.72042e-01   5.87675e-01   5.37702e-01   5.07342e-01   4.87487e-01   4.71576e-01   4.55331e-01   4.35572e-01   4.09131e-01   3.72457e-01   3.21836e-01   2.54962e-01   1.76077e-01   1.03052e-01   5.32229e-02
   5.75000e-04   5.20772e-02   1.00425e-01   1.71095e-01   2.48171e-01   3.14301e-01   3.64617e-01   4.01119e-01   4.27446e-01   4.47126e-01   4.63329e-01   4.79256e-01   4.99180e-01   5.29522e-01   5.79316e-01   6.63058e-01   8.04088e-01   1.02616e+00   1.29423e+00   1.48403e+00   1.56799e+00   1.59905e+00   1.60994e+00   1.61389e+00   1.61541e+00   1.61600e+00   1.61620e+00   1.61622e+00   1.61614e+00   1.61605e+00   1.61597e+00   1.61592e+00   1.61597e+00   1.61605e+00   1.61614e+00   1.61622e+00   1.61620e+00   1.61600e+00   1.61541e+00   1.61389e+00   1.60994e+00   1.59905e+00   1.56799e+00   1.48403e+00   1.29423e+00   1.02616e+00   8.04088e-01   6.63058e-01   5.79316e-01   5.29522e-01   4.99180e-01   4.79256e-01   4.63329e-01   4.47126e-01   4.27446e-01   4.01119e-01   3.64617e-01   3.14301e-01   2.48171e-01   1.71095e-01   1.00425e-01   5.20772e-02
   4.60000e-04   5.11438e-02   9.83032e-02   1.67104e-01   2.42714e-01   3.08223e-01   3.58283e-01   3.94644e-01   4.20875e-01   4.40490e-01   4.56658e-01   4.72598e-01   4.92572e-01   5.22896e-01   5.72539e-01   6.55755e-01   7.94834e-01   1.01061e+00   1.26827e+00   1.45526e+00   1.54154e+00   1.57413e+00   1.58566e+00   1.58984e+00   1.59143e+00   1.59204e+00   1.59225e+00   1.59227e+00   1.59220e+00   1.59212e+00   1.59204e+00   1.59199e+00   1.59204e+00   1.59212e+00   1.59220e+00   1.59227e+00   1.59225e+00   1.59204e+00   1.59143e+00   1.58984e+00   1.58566e+00   1.57413e+00   1.54154e+00   1.45526e+00   1.26827e+00   1.01061e+00   7.94834e-01   6.55755e-01   5.72539e-01   5.22896e-01   4.92572e-01   4.72598e-01   4.56658e-01   4.40490e-01   4.20875e-01   3.94644e-01   3.58283e-01   3.08223e-01   2.42714e-01   1.67104e-01   9.83032e-02   5.11438e-02
   3.45000e-04   5.04204e-02   9.66702e-02   1.64050e-01   2.38532e-01   3.03549e-01   3.53407e-01   3.89655e-01   4.15812e-01   4.35376e-01   4.51517e-01   4.67466e-01   4.87476e-01   5.17785e-01   5.67307e-01   6.50103e-01   7.87648e-01   9.98595e-01   1.24848e+00   1.43323e+00   1.52118e+00   1.55496e+00   1.56699e+00   1.57133e+00   1.57298e+00   1.57361e+00   1.57383e+00   1.57385e+00   1.57379e+00   1.57371e+00   1.57363e+00   1.57359e+00   1.57363e+00   1.57371e+00   1.57379e+00   1.57385e+00   1.57383e+00   1.57361e+00   1.57298e+00   1.57133e+00   1.56699e+00   1.55496e+00   1.52118e+00   1.43323e+00   1.24848e+00   9.98595e-01   7.87648e-01   6.50103e-01   5.67307e-01   5.17785e-01   4.87476e-01   4.67466e-01   4.51517e-01   4.35376e-01   4.15812e-01   3.89655e-01   3.53407e-01   3.03549e-01   2.38532e-01   1.64050e-01   9.66702e-02   5.04204e-02
   2.30000e-04   4.99052e-02   9.55129e-02   1.61897e-01   2.35577e-01   3.00239e-01   3.49950e-01   3.86118e-01   4.12220e-01   4.31748e-01   4.47870e-01   4.63825e-01   4.83859e-01   5.14156e-01   5.63590e-01   6.46081e-01   7.82521e-01   9.90059e-01   1.23455e+00   1.41767e+00   1.50676e+00   1.54137e+00   1.55376e+00   1.55823e+00   1.55992e+00   1.56056e+00   1.56078e+00   1.56081e+00   1.56075e+00   1.56067e+00   1.56059e+00   1.56055e+00   1.56059e+00   1.56067e+00   1.56075e+00   1.56081e+00   1.56078e+00   1.56056e+00   1.55992e+00   1.55823e+00   1.55376e+00   1.54137e+00   1.50676e+00   1.41767e+00   1.23455e+00   9.90059e-01   7.82521e-01   6.46081e-01   5.63590e-01   5.14156e-01   4.83859e-01   4.63825e-01   4.47870e-01   4.31748e-01   4.12220e-01   3.86118e-01   3.49950e-01   3.00239e-01   2.35577e-01   1.61897e-01   9.55129e-02   4.99052e-02
   1.15000e-04   4.95966e-02   9.48221e-02   1.60615e-01   2.33817e-01   2.98264e-01   3.47886e-01   3.84006e-01   4.10076e-01   4.29582e-01   4.45692e-01   4.61650e-01   4.81698e-01   5.11987e-01   5.61367e-01   6.43673e-01   7.79448e-01   9.84957e-01   1.22627e+00   1.40840e+00   1.49815e+00   1.53327e+00   1.54587e+00   1.55041e+00   1.55212e+00   1.55277e+00   1.55299e+00   1.55303e+00   1.55297e+00   1.55288e+00   1.55281e+00   1.55278e+00   1.55281e+00   1.55288e+00   1.55297e+00   1.55303e+00   1.55299e+00   1.55277e+00   1.55212e+00   1.55041e+00   1.54587e+00   1.53327e+00   1.49815e+00   1.40840e+00   1.22627e+00   9.84957e-01   7.79448e-01   6.43673e-01   5.61367e-01   5.11987e-01   4.81698e-01   4.61650e-01   4.45692e-01   4.29582e-01   4.10076e-01   3.84006e-01   3.47886e-01   2.98264e-01   2.33817e-01   1.60615e-01   9.48221e-02   4.95966e-02
   0.00000e+00   4.94939e-02   9.45924e-02   1.60189e-01   2.33232e-01   2.97607e-01   3.47200e-01   3.83303e-01   4.09363e-01   4.28861e-01   4.44968e-01   4.60927e-01   4.80979e-01   5.11266e-01   5.60628e-01   6.42872e-01   7.78424e-01   9.83259e-01   1.22353e+00   1.40533e+00   1.49529e+00   1.53057e+00   1.54325e+00   1.54781e+00   1.54953e+00   1.55018e+00   1.55041e+00   1.55044e+00   1.55038e+00   1.55030e+00   1.55022e+00   1.55019e+00   1.55022e+00   1.55030e+00   1.55038e+00   1.55044e+00   1.55041e+00   1.55018e+00   1.54953e+00   1.54781e+00   1.54325e+00   1.53057e+00   1.49529e+00   1.40533e+00   1.22353e+00   9.83259e-01   7.78424e-01   6.42872e-01   5.60628e-01   5.11266e-01   4.80979e-01   4.60927e-01   4.44968e-01   4.28861e-01   4.09363e-01   3.83303e-01   3.47200e-01   2.97607e-01   2.33232e-01   1.60189e-01   9.45924e-02   4.94939e-02
  -1.15000e-04   4.95966e-02   9.48221e-02   1.60615e-01   2.33817e-01   2.98264e-01   3.47886e-01   3.84006e-01   4.10076e-01   4.29582e-01   4.45692e-01   4.61650e-01   4.81698e-01   5.11987e-01   5.61367e-01   6.43673e-01   7.79448e-01   9.84957e-01   1.22627e+00   1.40840e+00   1.49815e+00   1.53327e+00   1.54587e+00   1.55041e+00   1.55212e+00   1.55277e+00   1.55299e+00   1.55303e+00   1.55297e+00   1.55288e+00   1.55281e+00   1.55278e+00   1.55281e+00   1.55288e+00   1.55297e+00   1.55303e+00   1.55299e+00   1.55277e+00   1.55212e+00   1.55041e+00   1.54587e+00   1.53327e+00   1.49815e+00   1.40840e+00   1.22627e+00   9.84957e-01   7.79448e-01   6.43673e-01   5.61367e-01   5.11987e-01   4.81698e-01   4.61650e-01   4.45692e-01   4.29582e-01   4.10076e-01   3.84006e-01   3.47886e-01   2.98264e-01   2.33817e-01   1.60615e-01   9.48221e-02   4.95966e-02
  -2.30000e-04   4.99052e-02   9.55129e-02   1.61897e-01   2.35577e-01   3.00239e-01   3.49950e-01   3.86118e-01   4.12220e-01   4.31748e-01   4.47870e-01   4.63825e-01   4.83859e-01   5.14156e-01   5.63590e-01   6.46081e-01   7.82521e-01   9.90059e-01   1.23455e+00   1.41767e+00   1.50676e+00   1.54137e+00   1.55376e+00   1.55823e+00   1.55992e+00   1.56056e+00   1.56078e+00   1.56081e+00   1.56075e+00   1.56067e+00   1.56059e+00   1.56055e+00   1.56059e+00   1.56067e+00   1.56075e+00   1.56081e+00   1.56078e+00   1.56056e+00   1.55992e+00   1.55823e+00   1.55376e+00   1.54137e+00   1.50676e+00   1.41767e+00   1.23455e+00   9.90059e-01   7.82521e-01   6.46081e-01   5.63590e-01   5.14156e-01   4.83859e-01   4.63825e-01   4.47870e-01   4.31748e-01   4.12220e-01   3.86118e-01   3.49950e-01   3.00239e-01   2.35577e-01   1.61897e-01   9.55129e-02   4.99052e-02
  -3.45000e-04   5.04204e-02   9.66702e-02   1.64050e-01   2.38532e-01   3.03549e-01   3.53407e-01   3.89655e-01   4.15812e-01   4.35376e-01   4.51517e-01   4.67466e-01   4.87476e-01   5.17785e-01   5.67307e-01   6.50103e-01   7.87648e-01   9.98595e-01   1.24848e+00   1.43323e+00   1.52118e+00   1.55496e+00   1.56699e+00   1.57133e+00   1.57298e+00   1.57361e+00   1.57383e+00   1.57385e+00   1.57379e+00   1.57371e+00   1.57363e+00   1.57359e+00   1.57363e+00   1.57371e+00   1.57379e+00   1.57385e+00   1.57383e+00   1.57361e+00   1.57298e+00   1.57133e+00   1.56699e+00   1.55496e+00   1.52118e+00   1.43323e+00   1.24848e+00   9.98595e-01   7.87648e-01   6.50103e-01   5.67307e-01   5.17785e-01   4.87476e-01   4.67466e-01   4.51517e-01   4.35376e-01   4.15812e-01   3.89655e-01   3.53407e-01   3.03549e-01   2.38532e-01   1.64050e-01   9.66702e-02   5.04204e-02
  -4.60000e-04   5.11438e-02   9.83032e-02   1.67104e-01   2.42714e-01   3.08223e-01   3.58283e-01   3.94644e-01   4.20875e-01   4.40490e-01   4.56658e-01   4.72598e-01   4.92572e-01   5.22896e-01   5.72539e-01   6.55755e-01   7.94834e-01   1.01061e+00   1.26827e+00   1.45526e+00   1.54154e+00   1.57413e+00   1.58566e+00   1.58984e+00   1.59143e+00   1.59204e+00   1.59225e+00   1.59227e+00   1.59220e+00   1.59212e+00   1.59204e+00   1.59199e+00   1.59204e+00   1.59212e+00   1.59220e+00   1.59227e+00   1.59225e+00   1.59204e+00   1.59143e+00   1.58984e+00   1.58566e+00   1.57413e+00   1.54154e+00   1.45526e+00   1.26827e+00   1.01061e+00   7.94834e-01   6.55755e-01   5.72539e-01   5.22896e-01   4.92572e-01   4.72598e-01   4.56658e-01   4.40490e-01   4.20875e-01   3.94644e-01   3.58283e-01   3.08223e-01   2.42714e-01   1.67104e-01   9.83032e-02   5.11438e-02
  -5.75000e-04   5.20772e-02   1.00425e-01   1.71095e-01   2.48171e-01   3.14301e-01   3.64617e-01   4.01119e-01   4.27446e-01   4.47126e-01   4.63329e-01   4.79256e-01   4.99180e-01   5.29522e-01   5.79316e-01   6.63058e-01   8.04088e-01   1.02616e+00   1.29423e+00   1.48403e+00   1.56799e+00   1.59905e+00   1.60994e+00   1.61389e+00   1.61541e+00   1.61600e+00   1.61620e+00   1.61622e+00   1.61614e+00   1.61605e+00   1.61597e+00   1.61592e+00   1.61597e+00   1.61605e+00   1.61614e+00   1.61622e+00   1.61620e+00   1.61600e+00   1.61541e+00   1.61389e+00   1.60994e+00   1.59905e+00   1.56799e+00   1.48403e+00   1.29423e+00   1.02616e+00   8.04088e-01   6.63058e-01   5.79316e-01   5.29522e-01   4.99180e-01   4.79256e-01   4.63329e-01   4.47126e-01   4.27446e-01   4.01119e-01   3.64617e-01   3.14301e-01   2.48171e-01   1.71095e-01   1.00425e-01   5.20772e-02
  -6.90000e-04   5.32229e-02   1.03052e-01   1.76077e-01   2.54962e-01   3.21836e-01   3.72457e-01   4.09131e-01   4.35572e-01   4.55331e-01   4.71576e-01   4.87487e-01   5.07342e-01   5.37702e-01   5.87675e-01   6.72042e-01   8.15421e-01   1.04532e+00   1.32677e+00   1.51985e+00   1.60077e+00   1.62991e+00   1.64002e+00   1.64371e+00   1.64514e+00   1.64570e+00   1.64589e+00   1.64590e+00   1.64582e+00   1.64573e+00   1.64564e+00   1.64558e+00   1.64564e+00   1.64573e+00   1.64582e+00   1.64590e+00   1.64589e+00   1.64570e+00   1.64514e+00   1.64371e+00   1.64002e+00   1.62991e+00   1.60077e+00   1.51985e+00   1.32677e+00   1.04532e+00   8.15421e-01   6.72042e-01   5.87675e-01   5.37702e-01   5.07342e-01   4.87487e-01   4.71576e-01   4.55331e-01   4.35572e-01   4.09131e-01   3.72457e-01   3.21836e-01   2.54962e-01   1.76077e-01   1.03052e-01   5.32229e-02
  -8.05000e-04   5.45838e-02   1.06204e-01   1.82117e-01   2.63167e-01   3.30895e-01   3.81865e-01   4.18738e-01   4.45315e-01   4.65165e-01   4.81460e-01   4.97347e-01   5.17112e-01   5.47489e-01   5.97664e-01   6.82742e-01   8.28844e-01   1.06818e+00   1.36645e+00   1.56316e+00   1.64015e+00   1.66699e+00   1.67616e+00   1.67954e+00   1.68088e+00   1.68140e+00   1.68158e+00   1.68158e+00   1.68149e+00   1.68140e+00   1.68131e+00   1.68124e+00   1.68131e+00   1.68140e+00   1.68149e+00   1.68158e+00   1.68158e+00   1.68140e+00   1.68088e+00   1.67954e+00   1.67616e+00   1.66699e+00   1.64015e+00   1.56316e+00   1.36645e+00   1.06818e+00   8.28844e-01   6.82742e-01   5.97664e-01   5.47489e-01   5.17112e-01   4.97347e-01   4.81460e-01   4.65165e-01   4.45315e-01   4.18738e-01   3.81865e-01   3.30895e-01   2.63167e-01   1.82117e-01   1.06204e-01   5.45838e-02
  -9.20000e-04   5.61628e-02   1.09907e-01   1.89301e-01   2.72879e-01   3.41558e-01   3.92917e-01   4.30015e-01   4.56745e-01   4.76700e-01   4.93051e-01   5.08910e-01   5.28557e-01   5.58946e-01   6.09342e-01   6.95203e-01   8.44371e-01   1.09483e+00   1.41397e+00   1.61446e+00   1.68645e+00   1.71060e+00   1.71869e+00   1.72172e+00   1.72295e+00   1.72343e+00   1.72361e+00   1.72359e+00   1.72347e+00   1.72339e+00   1.72330e+00   1.72320e+00   1.72330e+00   1.72339e+00   1.72347e+00   1.72359e+00   1.72361e+00   1.72343e+00   1.72295e+00   1.72172e+00   1.71869e+00   1.71060e+00   1.68645e+00   1.61446e+00   1.41397e+00   1.09483e+00   8.44371e-01   6.95203e-01   6.09342e-01   5.58946e-01   5.28557e-01   5.08910e-01   4.93051e-01   4.76700e-01   4.56745e-01   4.30015e-01   3.92917e-01   3.41558e-01   2.72879e-01   1.89301e-01   1.09907e-01   5.61628e-02
  -1.03500e-03   5.79630e-02   1.14188e-01   1.97736e-01   2.84217e-01   3.53922e-01   4.05704e-01   4.43051e-01   4.69953e-01   4.90025e-01   5.06439e-01   5.22261e-01   5.41755e-01   5.72153e-01   6.22782e-01   7.09482e-01   8.62017e-01   1.12536e+00   1.47027e+00   1.67435e+00   1.74008e+00   1.76113e+00   1.76799e+00   1.77064e+00   1.77173e+00   1.77218e+00   1.77235e+00   1.77231e+00   1.77216e+00   1.77210e+00   1.77201e+00   1.77187e+00   1.77201e+00   1.77210e+00   1.77216e+00   1.77231e+00   1.77235e+00   1.77218e+00   1.77173e+00   1.77064e+00   1.76799e+00   1.76113e+00   1.74008e+00   1.67435e+00   1.47027e+00   1.12536e+00   8.62017e-01   7.09482e-01   6.22782e-01   5.72153e-01   5.41755e-01   5.22261e-01   5.06439e-01   4.90025e-01   4.69953e-01   4.43051e-01   4.05704e-01   3.53922e-01   2.84217e-01   1.97736e-01   1.14188e-01   5.79630e-02
  -1.15000e-03   5.99872e-02   1.19080e-01   2.07555e-01   2.97318e-01   3.68103e-01   4.20334e-01   4.57952e-01   4.85043e-01   5.05244e-01   5.21727e-01   5.37505e-01   5.56802e-01   5.87200e-01   6.38071e-01   7.25648e-01   8.81802e-01   1.15984e+00   1.53652e+00   1.74355e+00   1.80152e+00   1.81904e+00   1.82453e+00   1.82675e+00   1.82769e+00   1.82810e+00   1.82828e+00   1.82822e+00   1.82802e+00   1.82800e+00   1.82790e+00   1.82770e+00   1.82790e+00   1.82800e+00   1.82802e+00   1.82822e+00   1.82828e+00   1.82810e+00   1.82769e+00   1.82675e+00   1.82453e+00   1.81904e+00   1.80152e+00   1.74355e+00   1.53652e+00   1.15984e+00   8.81802e-01   7.25648e-01   6.38071e-01   5.87200e-01   5.56802e-01   5.37505e-01   5.21727e-01   5.05244e-01   4.85043e-01   4.57952e-01   4.20334e-01   3.68103e-01   2.97318e-01   2.07555e-01   1.19080e-01   5.99872e-02
  -1.26500e-03   6.22384e-02   1.24621e-01   2.18926e-01   3.12350e-01   3.84239e-01   4.36938e-01   4.74847e-01   5.02142e-01   5.22483e-01   5.39042e-01   5.54767e-01   5.73812e-01   6.04202e-01   6.55316e-01   7.43785e-01   9.03748e-01   1.19833e+00   1.61431e+00   1.82285e+00   1.87130e+00   1.88489e+00   1.88885e+00   1.89060e+00   1.89139e+00   1.89177e+00   1.89198e+00   1.89187e+00   1.89159e+00   1.89163e+00   1.89155e+00   1.89123e+00   1.89155e+00   1.89163e+00   1.89159e+00   1.89187e+00   1.89198e+00   1.89177e+00   1.89139e+00   1.89060e+00   1.88885e+00   1.88489e+00   1.87130e+00   1.82285e+00   1.61431e+00   1.19833e+00   9.03748e-01   7.43785e-01   6.55316e-01   6.04202e-01   5.73812e-01   5.54767e-01   5.39042e-01   5.22483e-01   5.02142e-01   4.74847e-01   4.36938e-01   3.84239e-01   3.12350e-01   2.18926e-01   1.24621e-01   6.22384e-02
  -1.38000e-03   6.47188e-02   1.30850e-01   2.32064e-01   3.29513e-01   4.02496e-01   4.55673e-01   4.93891e-01   5.21406e-01   5.41897e-01   5.58537e-01   5.74202e-01   5.92922e-01   6.23295e-01   6.74646e-01   7.64001e-01   9.27889e-01   1.24082e+00   1.70573e+00   1.91317e+00   1.95008e+00   1.95931e+00   1.96161e+00   1.96285e+00   1.96345e+00   1.96383e+00   1.96410e+00   1.96393e+00   1.96351e+00   1.96368e+00   1.96360e+00   1.96311e+00   1.96360e+00   1.96368e+00   1.96351e+00   1.96393e+00   1.96410e+00   1.96383e+00   1.96345e+00   1.96285e+00   1.96161e+00   1.95931e+00   1.95008e+00   1.91317e+00   1.70573e+00   1.24082e+00   9.27889e-01   7.64001e-01   6.74646e-01   6.23295e-01   5.92922e-01   5.74202e-01   5.58537e-01   5.41897e-01   5.21406e-01   4.93891e-01   4.55673e-01   4.02496e-01   3.29513e-01   2.32064e-01   1.30850e-01   6.47188e-02
  -1.49500e-03   6.74298e-02   1.37811e-01   2.47246e-01   3.49049e-01   4.23074e-01   4.76732e-01   5.15273e-01   5.43021e-01   5.63672e-01   5.80399e-01   5.95999e-01   6.14301e-01   6.44651e-01   6.96225e-01   7.86433e-01   9.54277e-01   1.28726e+00   1.81367e+00   2.01549e+00   2.03862e+00   2.04309e+00   2.04356e+00   2.04424e+00   2.04463e+00   2.04505e+00   2.04546e+00   2.04517e+00   2.04452e+00   2.04491e+00   2.04486e+00   2.04407e+00   2.04486e+00   2.04491e+00   2.04452e+00   2.04517e+00   2.04546e+00   2.04505e+00   2.04463e+00   2.04424e+00   2.04356e+00   2.04309e+00   2.03862e+00   2.01549e+00   1.81367e+00   1.28726e+00   9.54277e-01   7.86433e-01   6.96225e-01   6.44651e-01   6.14301e-01   5.95999e-01   5.80399e-01   5.63672e-01   5.43021e-01   5.15273e-01   4.76732e-01   4.23074e-01   3.49049e-01   2.47246e-01   1.37811e-01   6.74298e-02
  -1.61000e-03   7.03722e-02   1.45552e-01   2.64841e-01   3.71255e-01   4.46225e-01   5.00357e-01   5.39234e-01   5.67227e-01   5.88047e-01   6.04867e-01   6.20398e-01   6.38160e-01   6.68485e-01   7.20261e-01   8.11264e-01   9.82998e-01   1.33750e+00   1.94220e+00   2.13086e+00   2.13776e+00   2.13710e+00   2.13556e+00   2.13560e+00   2.13575e+00   2.13631e+00   2.13697e+00   2.13650e+00   2.13544e+00   2.13623e+00   2.13623e+00   2.13495e+00   2.13623e+00   2.13623e+00   2.13544e+00   2.13650e+00   2.13697e+00   2.13631e+00   2.13575e+00   2.13560e+00   2.13556e+00   2.13710e+00   2.13776e+00   2.13086e+00   1.94220e+00   1.33750e+00   9.82998e-01   8.11264e-01   7.20261e-01   6.68485e-01   6.38160e-01   6.20398e-01   6.04867e-01   5.88047e-01   5.67227e-01   5.39234e-01   5.00357e-01   4.46225e-01   3.71255e-01   2.64841e-01   1.45552e-01   7.03722e-02
  -1.72500e-03   7.35450e-02   1.54124e-01   2.85357e-01   3.96508e-01   4.72277e-01   5.26870e-01   5.66093e-01   5.94344e-01   6.15341e-01   6.32258e-01   6.47727e-01   6.64785e-01   6.95093e-01   7.47042e-01   8.38753e-01   1.01421e+00   1.39126e+00   2.09743e+00   2.26025e+00   2.24843e+00   2.24227e+00   2.23851e+00   2.23779e+00   2.23763e+00   2.23854e+00   2.23966e+00   2.23888e+00   2.23711e+00   2.23862e+00   2.23869e+00   2.23656e+00   2.23869e+00   2.23862e+00   2.23711e+00   2.23888e+00   2.23966e+00   2.23854e+00   2.23763e+00   2.23779e+00   2.23851e+00   2.24227e+00   2.24843e+00   2.26025e+00   2.09743e+00   1.39126e+00   1.01421e+00   8.38753e-01   7.47042e-01   6.95093e-01   6.64785e-01   6.47727e-01   6.32258e-01   6.15341e-01   5.94344e-01   5.66093e-01   5.26870e-01   4.72277e-01   3.96508e-01   2.85357e-01   1.54124e-01   7.35450e-02
  -1.84000e-03   7.69460e-02   1.63577e-01   3.09547e-01   4.25334e-01   5.01711e-01   5.56748e-01   5.96328e-01   6.24849e-01   6.46032e-01   6.63053e-01   6.78473e-01   6.94608e-01   7.24928e-01   7.77014e-01   8.69321e-01   1.04821e+00   1.44824e+00   2.28895e+00   2.40424e+00   2.37133e+00   2.35935e+00   2.35309e+00   2.35133e+00   2.35075e+00   2.35245e+00   2.35437e+00   2.35309e+00   2.35000e+00   2.35284e+00   2.35302e+00   2.34943e+00   2.35302e+00   2.35284e+00   2.35000e+00   2.35309e+00   2.35437e+00   2.35245e+00   2.35075e+00   2.35133e+00   2.35309e+00   2.35935e+00   2.37133e+00   2.40424e+00   2.28895e+00   1.44824e+00   1.04821e+00   8.69321e-01   7.77014e-01   7.24928e-01   6.94608e-01   6.78473e-01   6.63053e-01   6.46032e-01   6.24849e-01   5.96328e-01   5.56748e-01   5.01711e-01   4.25334e-01   3.09547e-01   1.63577e-01   7.69460e-02
  -1.95500e-03   8.05705e-02   1.73967e-01   3.38646e-01   4.58605e-01   5.35377e-01   5.90850e-01   6.30808e-01   6.59619e-01   6.81001e-01   6.98136e-01   7.13537e-01   7.28444e-01   7.58839e-01   8.11028e-01   9.03804e-01   1.08575e+00   1.50833e+00   2.53331e+00   2.56172e+00   2.50585e+00   2.48780e+00   2.47860e+00   2.47523e+00   2.47396e+00   2.47746e+00   2.48070e+00   2.47864e+00   2.47304e+00   2.47842e+00   2.47872e+00   2.47250e+00   2.47872e+00   2.47842e+00   2.47304e+00   2.47864e+00   2.48070e+00   2.47746e+00   2.47396e+00   2.47523e+00   2.47860e+00   2.48780e+00   2.50585e+00   2.56172e+00   2.53331e+00   1.50833e+00   1.08575e+00   9.03804e-01   8.11028e-01   7.58839e-01   7.28444e-01   7.13537e-01   6.98136e-01   6.81001e-01   6.59619e-01   6.30808e-01   5.90850e-01   5.35377e-01   4.58605e-01   3.38646e-01   1.73967e-01   8.05705e-02
  -2.07000e-03   8.44118e-02   1.85351e-01   3.75154e-01   4.98221e-01   5.75231e-01   6.31190e-01   6.71584e-01   7.00731e-01   7.22344e-01   7.39616e-01   7.55054e-01   7.68301e-01   7.98901e-01   8.51181e-01   9.44321e-01   1.12890e+00   1.57257e+00   2.86399e+00   2.72570e+00   2.64634e+00   2.62209e+00   2.60936e+00   2.60306e+00   2.60015e+00   2.60804e+00   2.61316e+00   2.61005e+00   2.59931e+00   2.60982e+00   2.61019e+00   2.59894e+00   2.61019e+00   2.60982e+00   2.59931e+00   2.61005e+00   2.61316e+00   2.60804e+00   2.60015e+00   2.60306e+00   2.60936e+00   2.62209e+00   2.64634e+00   2.72570e+00   2.86399e+00   1.57257e+00   1.12890e+00   9.44321e-01   8.51181e-01   7.98901e-01   7.68301e-01   7.55054e-01   7.39616e-01   7.22344e-01   7.00731e-01   6.71584e-01   6.31190e-01   5.75231e-01   4.98221e-01   3.75154e-01   1.85351e-01   8.44118e-02
  -2.18500e-03   8.84602e-02   1.97791e-01   4.26071e-01   5.48730e-01   6.26063e-01   6.82721e-01   7.23720e-01   7.53322e-01   7.75250e-01   7.92724e-01   8.08302e-01   8.19284e-01   8.50323e-01   9.02767e-01   9.96273e-01   1.18318e+00   1.64544e+00   3.41165e+00   2.86855e+00   2.76905e+00   2.73941e+00   2.72284e+00   2.71144e+00   2.70261e+00   2.72201e+00   2.72905e+00   2.72489e+00   2.70189e+00   2.72452e+00   2.72479e+00   2.70103e+00   2.72479e+00   2.72452e+00   2.70189e+00   2.72489e+00   2.72905e+00   2.72201e+00   2.70261e+00   2.71144e+00   2.72284e+00   2.73941e+00   2.76905e+00   2.86855e+00   3.41165e+00   1.64544e+00   1.18318e+00   9.96273e-01   9.02767e-01   8.50323e-01   8.19284e-01   8.08302e-01   7.92724e-01   7.75250e-01   7.53322e-01   7.23720e-01   6.82721e-01   6.26063e-01   5.48730e-01   4.26071e-01   1.97791e-01   8.84602e-02
  -2.30000e-03   9.27025e-02   2.11361e-01   4.52952e-01   5.59431e-01   6.33068e-01   6.87998e-01   7.28025e-01   7.57019e-01   7.78514e-01   7.95626e-01   8.10928e-01   8.19421e-01   8.50222e-01   9.01495e-01   9.93112e-01   1.17815e+00   1.64774e+00   3.80160e+00   2.97288e+00   2.85336e+00   2.80230e+00   2.76509e+00   2.72937e+00   2.71831e+00   2.73427e+00   2.73440e+00   2.72462e+00   2.69570e+00   2.71994e+00   2.71835e+00   2.69383e+00   2.71835e+00   2.71994e+00   2.69570e+00   2.72462e+00   2.73440e+00   2.73427e+00   2.71831e+00   2.72937e+00   2.76509e+00   2.80230e+00   2.85336e+00   2.97288e+00   3.80160e+00   1.64774e+00   1.17815e+00   9.93112e-01   9.01495e-01   8.50222e-01   8.19421e-01   8.10928e-01   7.95626e-01   7.78514e-01   7.57019e-01   7.28025e-01   6.87998e-01   6.33068e-01   5.59431e-01   4.52952e-01   2.11361e-01   9.27025e-02
