# Author : T. Tanabe
# U68
# Undulator Length [m]
3.4
# Number of Horizontal Points
61
# Number of Vertical Points
41
# Horizontal Kick [T2m2]
START
                -3.00000e-02  -2.90000e-02  -2.80000e-02  -2.70000e-02  -2.60000e-02  -2.50000e-02  -2.40000e-02  -2.30000e-02  -2.20000e-02  -2.10000e-02  -2.00000e-02  -1.90000e-02  -1.80000e-02  -1.70000e-02  -1.60000e-02  -1.50000e-02  -1.40000e-02  -1.30000e-02  -1.20000e-02  -1.10000e-02  -1.00000e-02  -9.00000e-03  -8.00000e-03  -7.00000e-03  -6.00000e-03  -5.00000e-03  -4.00000e-03  -3.00000e-03  -2.00000e-03  -1.00000e-03   0.00000e+00   1.00000e-03   2.00000e-03   3.00000e-03   4.00000e-03   5.00000e-03   6.00000e-03   7.00000e-03   8.00000e-03   9.00000e-03   1.00000e-02   1.10000e-02   1.20000e-02   1.30000e-02   1.40000e-02   1.50000e-02   1.60000e-02   1.70000e-02   1.80000e-02   1.90000e-02   2.00000e-02   2.10000e-02   2.20000e-02   2.30000e-02   2.40000e-02   2.50000e-02   2.60000e-02   2.70000e-02   2.80000e-02   2.90000e-02   3.00000e-02
   5.00000e-03  -9.00119e-04  -8.12357e-04  -7.32773e-04  -6.60589e-04  -5.95152e-04  -5.35845e-04  -4.82245e-04  -4.33803e-04  -3.90036e-04  -3.50494e-04  -3.14772e-04  -2.82431e-04  -2.53267e-04  -2.26709e-04  -2.02818e-04  -1.81124e-04  -1.61407e-04  -1.43481e-04  -1.27023e-04  -1.12140e-04  -9.84138e-05  -8.57270e-05  -7.39591e-05  -6.29877e-05  -5.27760e-05  -4.31554e-05  -3.39995e-05  -2.51816e-05  -1.65739e-05  -8.26633e-06   0.00000e+00   8.26633e-06   1.66174e-05   2.51816e-05   3.39995e-05   4.31118e-05   5.28195e-05   6.29877e-05   7.40026e-05   8.56836e-05   9.84138e-05   1.12140e-04   1.27066e-04   1.43481e-04   1.61364e-04   1.81124e-04   2.02861e-04   2.26752e-04   2.53181e-04   2.82388e-04   3.14729e-04   3.50451e-04   3.90078e-04   4.33845e-04   4.82329e-04   5.35845e-04   5.95027e-04   6.60589e-04   7.32856e-04   8.12439e-04   8.99997e-04
   4.75000e-03  -8.97419e-04  -8.09894e-04  -7.30461e-04  -6.58381e-04  -5.93043e-04  -5.33831e-04  -4.80323e-04  -4.32017e-04  -3.88432e-04  -3.48953e-04  -3.13260e-04  -2.81046e-04  -2.51981e-04  -2.25670e-04  -2.01789e-04  -1.80128e-04  -1.60596e-04  -1.42625e-04  -1.26323e-04  -1.11496e-04  -9.77714e-05  -8.51626e-05  -7.35071e-05  -6.26839e-05  -5.25271e-05  -4.28695e-05  -3.37585e-05  -2.50254e-05  -1.65437e-05  -8.22986e-06   0.00000e+00   8.22986e-06   1.65869e-05   2.50254e-05   3.37585e-05   4.28695e-05   5.24409e-05   6.26839e-05   7.35502e-05   8.52056e-05   9.77714e-05   1.11453e-04   1.26366e-04   1.42711e-04   1.60596e-04   1.80085e-04   2.01832e-04   2.25670e-04   2.51981e-04   2.81131e-04   3.13302e-04   3.48953e-04   3.88348e-04   4.32059e-04   4.80323e-04   5.33873e-04   5.93043e-04   6.58381e-04   7.30461e-04   8.09894e-04   8.97419e-04
   4.50000e-03  -8.94737e-04  -8.07498e-04  -7.28148e-04  -6.56187e-04  -5.90965e-04  -5.31992e-04  -4.78517e-04  -4.30369e-04  -3.86823e-04  -3.47433e-04  -3.11883e-04  -2.79742e-04  -2.50764e-04  -2.24476e-04  -2.00722e-04  -1.79255e-04  -1.59687e-04  -1.41835e-04  -1.25638e-04  -1.10859e-04  -9.72174e-05  -8.47661e-05  -7.30891e-05  -6.22795e-05  -5.21729e-05  -4.26466e-05  -3.35338e-05  -2.49236e-05  -1.64343e-05  -8.15418e-06   0.00000e+00   8.15417e-06   1.64343e-05   2.49236e-05   3.35338e-05   4.26466e-05   5.21729e-05   6.23222e-05   7.30891e-05   8.47235e-05   9.72174e-05   1.10902e-04   1.25638e-04   1.41877e-04   1.59687e-04   1.79255e-04   2.00722e-04   2.24476e-04   2.50806e-04   2.79784e-04   3.11883e-04   3.47433e-04   3.86740e-04   4.30286e-04   4.78558e-04   5.31951e-04   5.91006e-04   6.56228e-04   7.28188e-04   8.07498e-04   8.94816e-04
   4.25000e-03  -8.92163e-04  -8.05059e-04  -7.25923e-04  -6.54096e-04  -5.89007e-04  -5.30085e-04  -4.76828e-04  -4.28697e-04  -3.85215e-04  -3.45981e-04  -3.10600e-04  -2.78560e-04  -2.49575e-04  -2.23424e-04  -1.99830e-04  -1.78294e-04  -1.58851e-04  -1.41152e-04  -1.25094e-04  -1.10275e-04  -9.67508e-05  -8.41962e-05  -7.27051e-05  -6.19895e-05  -5.18864e-05  -4.24008e-05  -3.33676e-05  -2.47903e-05  -1.62905e-05  -8.12520e-06   0.00000e+00   8.12520e-06   1.62905e-05   2.47903e-05   3.34099e-05   4.24008e-05   5.18864e-05   6.19895e-05   7.27051e-05   8.42385e-05   9.67086e-05   1.10233e-04   1.25052e-04   1.41152e-04   1.58851e-04   1.78294e-04   1.99789e-04   2.23383e-04   2.49659e-04   2.78560e-04   3.10559e-04   3.46064e-04   3.85173e-04   4.28697e-04   4.76828e-04   5.30085e-04   5.89048e-04   6.54016e-04   7.26003e-04   8.05138e-04   8.92124e-04
   4.00000e-03  -8.89666e-04  -8.02784e-04  -7.23715e-04  -6.52155e-04  -5.87094e-04  -5.28323e-04  -4.75139e-04  -4.27210e-04  -3.83816e-04  -3.44682e-04  -3.09290e-04  -2.77420e-04  -2.48582e-04  -2.22433e-04  -1.98862e-04  -1.77500e-04  -1.58089e-04  -1.40492e-04  -1.24440e-04  -1.09658e-04  -9.62450e-05  -8.37935e-05  -7.23132e-05  -6.16860e-05  -5.16244e-05  -4.21753e-05  -3.31329e-05  -2.46266e-05  -1.63234e-05  -8.09978e-06   0.00000e+00   8.09978e-06   1.63234e-05   2.46266e-05   3.31329e-05   4.21333e-05   5.16244e-05   6.16441e-05   7.23132e-05   8.38354e-05   9.62450e-05   1.09700e-04   1.24398e-04   1.40534e-04   1.58131e-04   1.77541e-04   1.98945e-04   2.22516e-04   2.48582e-04   2.77420e-04   3.09249e-04   3.44600e-04   3.83775e-04   4.27128e-04   4.75180e-04   5.28282e-04   5.87134e-04   6.52075e-04   7.23755e-04   8.02784e-04   8.89705e-04
   3.75000e-03  -8.87255e-04  -8.00563e-04  -7.21768e-04  -6.50169e-04  -5.85311e-04  -5.26667e-04  -4.73577e-04  -4.25747e-04  -3.82384e-04  -3.43455e-04  -3.08079e-04  -2.76282e-04  -2.47538e-04  -2.21544e-04  -1.98111e-04  -1.76787e-04  -1.57442e-04  -1.39815e-04  -1.23804e-04  -1.09219e-04  -9.57436e-05  -8.34303e-05  -7.19977e-05  -6.13701e-05  -5.13037e-05  -4.19700e-05  -3.30400e-05  -2.43920e-05  -1.61955e-05  -7.99461e-06   0.00000e+00   7.99461e-06   1.61955e-05   2.44753e-05   3.29983e-05   4.19700e-05   5.13453e-05   6.13285e-05   7.19977e-05   8.34303e-05   9.57851e-05   1.09178e-04   1.23804e-04   1.39898e-04   1.57442e-04   1.76787e-04   1.98029e-04   2.21544e-04   2.47579e-04   2.76241e-04   3.08120e-04   3.43374e-04   3.82425e-04   4.25667e-04   4.73577e-04   5.26667e-04   5.85231e-04   6.50208e-04   7.21768e-04   8.00563e-04   8.87255e-04
   3.50000e-03  -8.84975e-04  -7.98480e-04  -7.19772e-04  -6.48343e-04  -5.83622e-04  -5.25042e-04  -4.72144e-04  -4.24275e-04  -3.81166e-04  -3.42181e-04  -3.07010e-04  -2.75273e-04  -2.46649e-04  -2.20677e-04  -1.97247e-04  -1.75994e-04  -1.56747e-04  -1.39246e-04  -1.23351e-04  -1.08707e-04  -9.53301e-05  -8.30241e-05  -7.15926e-05  -6.10014e-05  -5.11328e-05  -4.17850e-05  -3.28794e-05  -2.43777e-05  -1.60761e-05  -7.97707e-06   0.00000e+00   7.97707e-06   1.60761e-05   2.44191e-05   3.28380e-05   4.18264e-05   5.11328e-05   6.10014e-05   7.16338e-05   8.29829e-05   9.53301e-05   1.08749e-04   1.23351e-04   1.39246e-04   1.56706e-04   1.76034e-04   1.97247e-04   2.20636e-04   2.46690e-04   2.75191e-04   3.07050e-04   3.42221e-04   3.81166e-04   4.24315e-04   4.72144e-04   5.25082e-04   5.83622e-04   6.48382e-04   7.19811e-04   7.98480e-04   8.84937e-04
   3.25000e-03  -8.82683e-04  -7.96465e-04  -7.17969e-04  -6.46605e-04  -5.81994e-04  -5.23533e-04  -4.70684e-04  -4.23035e-04  -3.79960e-04  -3.41026e-04  -3.05961e-04  -2.74311e-04  -2.45714e-04  -2.19832e-04  -1.96518e-04  -1.75325e-04  -1.56167e-04  -1.38663e-04  -1.22752e-04  -1.08249e-04  -9.49626e-05  -8.26997e-05  -7.13464e-05  -6.07868e-05  -5.09039e-05  -4.15793e-05  -3.27349e-05  -2.42097e-05  -1.60064e-05  -7.96314e-06   0.00000e+00   7.96314e-06   1.60064e-05   2.42507e-05   3.27349e-05   4.16204e-05   5.09039e-05   6.08688e-05   7.13054e-05   8.27407e-05   9.49626e-05   1.08249e-04   1.22752e-04   1.38581e-04   1.56086e-04   1.75285e-04   1.96477e-04   2.19832e-04   2.45673e-04   2.74311e-04   3.05921e-04   3.41106e-04   3.79960e-04   4.22995e-04   4.70723e-04   5.23572e-04   5.82033e-04   6.46566e-04   7.17892e-04   7.96427e-04   8.82682e-04
   3.00000e-03  -8.80612e-04  -7.94563e-04  -7.16131e-04  -6.45035e-04  -5.80548e-04  -5.22143e-04  -4.69361e-04  -4.21792e-04  -3.78812e-04  -3.39990e-04  -3.04937e-04  -2.73479e-04  -2.44856e-04  -2.19094e-04  -1.95802e-04  -1.74661e-04  -1.55541e-04  -1.38147e-04  -1.22336e-04  -1.07884e-04  -9.45194e-05  -8.23750e-05  -7.10531e-05  -6.04794e-05  -5.07003e-05  -4.14353e-05  -3.26067e-05  -2.41361e-05  -1.59037e-05  -7.95288e-06   0.00000e+00   7.91207e-06   1.59037e-05   2.41769e-05   3.26067e-05   4.14353e-05   5.06595e-05   6.05608e-05   7.10938e-05   8.23343e-05   9.45600e-05   1.07844e-04   1.22296e-04   1.38147e-04   1.55582e-04   1.74701e-04   1.95843e-04   2.19094e-04   2.44896e-04   2.73439e-04   3.04977e-04   3.39990e-04   3.78773e-04   4.21831e-04   4.69439e-04   5.22182e-04   5.80548e-04   6.45112e-04   7.16208e-04   7.94525e-04   8.80612e-04
   2.75000e-03  -8.78655e-04  -7.92779e-04  -7.14573e-04  -6.43522e-04  -5.79131e-04  -5.20874e-04  -4.68215e-04  -4.20706e-04  -3.77724e-04  -3.38996e-04  -3.04059e-04  -2.72538e-04  -2.44076e-04  -2.18341e-04  -1.95182e-04  -1.74122e-04  -1.54952e-04  -1.37578e-04  -1.21900e-04  -1.07491e-04  -9.42047e-05  -8.19698e-05  -7.07953e-05  -6.02838e-05  -5.04814e-05  -4.12305e-05  -3.24541e-05  -2.40336e-05  -1.58906e-05  -7.90574e-06   0.00000e+00   7.90575e-06   1.58906e-05   2.40336e-05   3.24541e-05   4.12711e-05   5.04814e-05   6.02433e-05   7.07548e-05   8.19698e-05   9.42451e-05   1.07411e-04   1.21859e-04   1.37658e-04   1.54992e-04   1.74122e-04   1.95182e-04   2.18381e-04   2.44076e-04   2.72538e-04   3.04099e-04   3.39036e-04   3.77763e-04   4.20627e-04   4.68176e-04   5.20796e-04   5.79131e-04   6.43445e-04   7.14573e-04   7.92741e-04   8.78655e-04
   2.50000e-03  -8.76818e-04  -7.91155e-04  -7.13067e-04  -6.42148e-04  -5.77865e-04  -5.19653e-04  -4.67055e-04  -4.19623e-04  -3.76776e-04  -3.38047e-04  -3.03288e-04  -2.71770e-04  -2.43376e-04  -2.17775e-04  -1.94539e-04  -1.73549e-04  -1.54481e-04  -1.37198e-04  -1.21564e-04  -1.07032e-04  -9.38163e-05  -8.17275e-05  -7.05730e-05  -6.00780e-05  -5.02882e-05  -4.10875e-05  -3.23989e-05  -2.39838e-05  -1.58043e-05  -7.86280e-06   0.00000e+00   7.86280e-06   1.58043e-05   2.39838e-05   3.23989e-05   4.10875e-05   5.02076e-05   6.01182e-05   7.05327e-05   8.17275e-05   9.38163e-05   1.07112e-04   1.21483e-04   1.37238e-04   1.54441e-04   1.73629e-04   1.94539e-04   2.17735e-04   2.43416e-04   2.71770e-04   3.03288e-04   3.38126e-04   3.76737e-04   4.19583e-04   4.67132e-04   5.19769e-04   5.77865e-04   6.42109e-04   7.13029e-04   7.91118e-04   8.76818e-04
   2.25000e-03  -8.75142e-04  -7.89659e-04  -7.11694e-04  -6.40915e-04  -5.76636e-04  -5.18560e-04  -4.66077e-04  -4.18623e-04  -3.75892e-04  -3.37301e-04  -3.02506e-04  -2.71135e-04  -2.42757e-04  -2.17118e-04  -1.93952e-04  -1.73103e-04  -1.54086e-04  -1.36887e-04  -1.21129e-04  -1.06747e-04  -9.36360e-05  -8.14862e-05  -7.03461e-05  -5.99025e-05  -5.01208e-05  -4.09652e-05  -3.22793e-05  -2.38655e-05  -1.57665e-05  -7.82401e-06   0.00000e+00   7.78387e-06   1.57264e-05   2.38655e-05   3.22392e-05   4.09652e-05   5.01208e-05   5.99025e-05   7.03461e-05   8.14461e-05   9.35560e-05   1.06747e-04   1.21129e-04   1.36807e-04   1.54086e-04   1.73103e-04   1.94071e-04   2.17118e-04   2.42796e-04   2.71135e-04   3.02506e-04   3.37301e-04   3.75931e-04   4.18701e-04   4.66077e-04   5.18598e-04   5.76636e-04   6.40839e-04   7.11656e-04   7.89659e-04   8.75179e-04
   2.00000e-03  -8.73595e-04  -7.88258e-04  -7.10458e-04  -6.39752e-04  -5.75678e-04  -5.17559e-04  -4.65167e-04  -4.17826e-04  -3.75113e-04  -3.36525e-04  -3.01834e-04  -2.70516e-04  -2.42218e-04  -2.16648e-04  -1.93542e-04  -1.72624e-04  -1.53729e-04  -1.36446e-04  -1.20835e-04  -1.06437e-04  -9.33032e-05  -8.12464e-05  -7.00755e-05  -5.97177e-05  -4.99790e-05  -4.08240e-05  -3.20966e-05  -2.37998e-05  -1.57766e-05  -7.82932e-06   0.00000e+00   7.82932e-06   1.57366e-05   2.37599e-05   3.20966e-05   4.08639e-05   4.99790e-05   5.97177e-05   7.00755e-05   8.12862e-05   9.33032e-05   1.06437e-04   1.20795e-04   1.36485e-04   1.53729e-04   1.72664e-04   1.93542e-04   2.16648e-04   2.42179e-04   2.70516e-04   3.01834e-04   3.36525e-04   3.75113e-04   4.17826e-04   4.65090e-04   5.17635e-04   5.75640e-04   6.39752e-04   7.10458e-04   7.88258e-04   8.73631e-04
   1.75000e-03  -8.72254e-04  -7.87066e-04  -7.09363e-04  -6.38736e-04  -5.74687e-04  -5.16690e-04  -4.64289e-04  -4.17000e-04  -3.74440e-04  -3.35953e-04  -3.01195e-04  -2.69915e-04  -2.41683e-04  -2.16130e-04  -1.93111e-04  -1.72312e-04  -1.53252e-04  -1.36154e-04  -1.20524e-04  -1.06181e-04  -9.31378e-05  -8.09691e-05  -6.99210e-05  -5.96035e-05  -4.98630e-05  -4.07835e-05  -3.21300e-05  -2.37862e-05  -1.56750e-05  -7.83844e-06   0.00000e+00   7.83844e-06   1.56352e-05   2.37862e-05   3.20504e-05   4.07437e-05   4.98630e-05   5.96035e-05   6.98813e-05   8.10484e-05   9.31378e-05   1.06220e-04   1.20524e-04   1.36154e-04   1.53331e-04   1.72312e-04   1.93111e-04   2.16170e-04   2.41683e-04   2.69954e-04   3.01156e-04   3.35914e-04   3.74401e-04   4.17038e-04   4.64366e-04   5.16767e-04   5.74687e-04   6.38774e-04   7.09325e-04   7.87028e-04   8.72327e-04
   1.50000e-03  -8.71122e-04  -7.85974e-04  -7.08410e-04  -6.37796e-04  -5.73857e-04  -5.15956e-04  -4.63637e-04  -4.16417e-04  -3.73836e-04  -3.35393e-04  -3.00668e-04  -2.69449e-04  -2.41230e-04  -2.15761e-04  -1.92700e-04  -1.71891e-04  -1.53051e-04  -1.35852e-04  -1.20235e-04  -1.05940e-04  -9.29804e-05  -8.08923e-05  -6.97628e-05  -5.94406e-05  -4.97331e-05  -4.06448e-05  -3.20206e-05  -2.37448e-05  -1.56216e-05  -7.77208e-06   0.00000e+00   7.77208e-06   1.56613e-05   2.37448e-05   3.20206e-05   4.06844e-05   4.98123e-05   5.94406e-05   6.97628e-05   8.08923e-05   9.29804e-05   1.06019e-04   1.20275e-04   1.35892e-04   1.53012e-04   1.71930e-04   1.92661e-04   2.15800e-04   2.41230e-04   2.69488e-04   3.00629e-04   3.35315e-04   3.73797e-04   4.16379e-04   4.63599e-04   5.15956e-04   5.73895e-04   6.37833e-04   7.08410e-04   7.85975e-04   8.71122e-04
   1.25000e-03  -8.70055e-04  -7.85025e-04  -7.07566e-04  -6.37009e-04  -5.73189e-04  -5.15321e-04  -4.63022e-04  -4.15886e-04  -3.73263e-04  -3.34884e-04  -3.00215e-04  -2.69042e-04  -2.40861e-04  -2.15424e-04  -1.92466e-04  -1.71676e-04  -1.52732e-04  -1.35660e-04  -1.20009e-04  -1.05794e-04  -9.26740e-05  -8.06991e-05  -6.95620e-05  -5.93088e-05  -4.96687e-05  -4.06065e-05  -3.19282e-05  -2.36368e-05  -1.56556e-05  -7.78918e-06   0.00000e+00   7.78918e-06   1.56556e-05   2.36367e-05   3.19678e-05   4.05670e-05   4.96687e-05   5.93483e-05   6.96409e-05   8.06991e-05   9.27528e-05   1.05754e-04   1.20048e-04   1.35621e-04   1.52772e-04   1.71598e-04   1.92466e-04   2.15424e-04   2.40861e-04   2.69042e-04   3.00331e-04   3.34846e-04   3.73263e-04   4.15809e-04   4.63060e-04   5.15321e-04   5.73152e-04   6.37009e-04   7.07529e-04   7.85061e-04   8.70055e-04
   1.00000e-03  -8.69203e-04  -7.84365e-04  -7.06906e-04  -6.36450e-04  -5.72572e-04  -5.14785e-04  -4.62557e-04  -4.15370e-04  -3.72877e-04  -3.34429e-04  -2.99913e-04  -2.68693e-04  -2.40538e-04  -2.15196e-04  -1.92174e-04  -1.71471e-04  -1.52493e-04  -1.35421e-04  -1.19884e-04  -1.05624e-04  -9.25344e-05  -8.06268e-05  -6.95553e-05  -5.92869e-05  -4.96302e-05  -4.05499e-05  -3.18921e-05  -2.35808e-05  -1.55791e-05  -7.69184e-06   0.00000e+00   7.69184e-06   1.55791e-05   2.35808e-05   3.18527e-05   4.05499e-05   4.95908e-05   5.92869e-05   6.95553e-05   8.06268e-05   9.25345e-05   1.05624e-04   1.19884e-04   1.35421e-04   1.52532e-04   1.71393e-04   1.92135e-04   2.15196e-04   2.40538e-04   2.68693e-04   2.99874e-04   3.34505e-04   3.72877e-04   4.15408e-04   4.62557e-04   5.14822e-04   5.72534e-04   6.36413e-04   7.06869e-04   7.84328e-04   8.69239e-04
   7.50000e-04  -8.68567e-04  -7.83739e-04  -7.06358e-04  -6.36010e-04  -5.72082e-04  -5.14388e-04  -4.62170e-04  -4.15060e-04  -3.72525e-04  -3.34180e-04  -2.99647e-04  -2.68405e-04  -2.40337e-04  -2.14924e-04  -1.91943e-04  -1.71237e-04  -1.52371e-04  -1.35330e-04  -1.19782e-04  -1.05508e-04  -9.24432e-05  -8.05180e-05  -6.95060e-05  -5.91778e-05  -4.95781e-05  -4.04752e-05  -3.18333e-05  -2.35767e-05  -1.55897e-05  -7.79577e-06   0.00000e+00   7.79577e-06   1.55897e-05   2.35767e-05   3.18727e-05   4.04752e-05   4.95781e-05   5.91778e-05   6.95060e-05   8.05573e-05   9.25608e-05   1.05508e-04   1.19704e-04   1.35252e-04   1.52410e-04   1.71198e-04   1.91943e-04   2.14924e-04   2.40337e-04   2.68443e-04   2.99608e-04   3.34142e-04   3.72525e-04   4.15060e-04   4.62170e-04   5.14425e-04   5.72157e-04   6.35973e-04   7.06321e-04   7.83739e-04   8.68567e-04
   5.00000e-04  -8.68147e-04  -7.83297e-04  -7.05998e-04  -6.35615e-04  -5.71834e-04  -5.14092e-04  -4.61860e-04  -4.14768e-04  -3.72284e-04  -3.33986e-04  -2.99380e-04  -2.68253e-04  -2.40182e-04  -2.14763e-04  -1.91810e-04  -1.71053e-04  -1.52173e-04  -1.35231e-04  -1.19665e-04  -1.05488e-04  -9.24394e-05  -8.04123e-05  -6.94146e-05  -5.90607e-05  -4.94735e-05  -4.03826e-05  -3.18307e-05  -2.35849e-05  -1.55691e-05  -7.66752e-06   0.00000e+00   7.66752e-06   1.55691e-05   2.35849e-05   3.18307e-05   4.04219e-05   4.94735e-05   5.90999e-05   6.93362e-05   8.03731e-05   9.24394e-05   1.05488e-04   1.19586e-04   1.35192e-04   1.52250e-04   1.71015e-04   1.91772e-04   2.14763e-04   2.40182e-04   2.68215e-04   2.99418e-04   3.33948e-04   3.72323e-04   4.14768e-04   4.61860e-04   5.14055e-04   5.71796e-04   6.35615e-04   7.05998e-04   7.83334e-04   8.68147e-04
   2.50000e-04  -8.67873e-04  -7.83075e-04  -7.05715e-04  -6.35378e-04  -5.71639e-04  -5.13900e-04  -4.61704e-04  -4.14646e-04  -3.72193e-04  -3.33808e-04  -2.99227e-04  -2.68124e-04  -2.40074e-04  -2.14635e-04  -1.91739e-04  -1.71037e-04  -1.52248e-04  -1.35125e-04  -1.19532e-04  -1.05366e-04  -9.23666e-05  -8.04663e-05  -6.93990e-05  -5.90925e-05  -4.94736e-05  -4.04291e-05  -3.18055e-05  -2.35662e-05  -1.55568e-05  -7.70074e-06   0.00000e+00   7.70074e-06   1.55568e-05   2.35662e-05   3.18055e-05   4.04291e-05   4.94736e-05   5.90925e-05   6.94382e-05   8.03880e-05   9.23666e-05   1.05366e-04   1.19571e-04   1.35125e-04   1.52170e-04   1.70998e-04   1.91739e-04   2.14635e-04   2.40035e-04   2.68201e-04   2.99266e-04   3.33846e-04   3.72193e-04   4.14722e-04   4.61742e-04   5.13862e-04   5.71714e-04   6.35377e-04   7.05751e-04   7.83075e-04   8.67837e-04
   0.00000e+00  -8.67746e-04  -7.82928e-04  -7.05657e-04  -6.35373e-04  -5.71537e-04  -5.13886e-04  -4.61665e-04  -4.14618e-04  -3.72061e-04  -3.33800e-04  -2.99304e-04  -2.68132e-04  -2.40012e-04  -2.14657e-04  -1.91767e-04  -1.70953e-04  -1.52208e-04  -1.35090e-04  -1.19578e-04  -1.05377e-04  -9.23814e-05  -8.03669e-05  -6.93415e-05  -5.90377e-05  -4.94998e-05  -4.04185e-05  -3.17971e-05  -2.35207e-05  -1.56312e-05  -7.77726e-06   0.00000e+00   7.77726e-06   1.56312e-05   2.34422e-05   3.17971e-05   4.04577e-05   4.94214e-05   5.91161e-05   6.93415e-05   8.03669e-05   9.23423e-05   1.05377e-04   1.19578e-04   1.35090e-04   1.52170e-04   1.70953e-04   1.91728e-04   2.14695e-04   2.40051e-04   2.68132e-04   2.99228e-04   3.33761e-04   3.72099e-04   4.14618e-04   4.61703e-04   5.13811e-04   5.71574e-04   6.35335e-04   7.05657e-04   7.82965e-04   8.67746e-04
  -2.50000e-04  -8.67873e-04  -7.83075e-04  -7.05715e-04  -6.35378e-04  -5.71639e-04  -5.13900e-04  -4.61704e-04  -4.14646e-04  -3.72193e-04  -3.33808e-04  -2.99227e-04  -2.68124e-04  -2.40074e-04  -2.14635e-04  -1.91739e-04  -1.71037e-04  -1.52248e-04  -1.35125e-04  -1.19532e-04  -1.05366e-04  -9.23666e-05  -8.04663e-05  -6.93990e-05  -5.90925e-05  -4.94736e-05  -4.04291e-05  -3.18055e-05  -2.35662e-05  -1.55568e-05  -7.70074e-06   0.00000e+00   7.70074e-06   1.55568e-05   2.35662e-05   3.18055e-05   4.04291e-05   4.94736e-05   5.90925e-05   6.94382e-05   8.03880e-05   9.23666e-05   1.05366e-04   1.19571e-04   1.35125e-04   1.52170e-04   1.70998e-04   1.91739e-04   2.14635e-04   2.40035e-04   2.68201e-04   2.99266e-04   3.33846e-04   3.72193e-04   4.14722e-04   4.61742e-04   5.13862e-04   5.71714e-04   6.35377e-04   7.05751e-04   7.83075e-04   8.67837e-04
  -5.00000e-04  -8.68147e-04  -7.83297e-04  -7.05998e-04  -6.35615e-04  -5.71834e-04  -5.14092e-04  -4.61860e-04  -4.14768e-04  -3.72284e-04  -3.33986e-04  -2.99380e-04  -2.68253e-04  -2.40182e-04  -2.14763e-04  -1.91810e-04  -1.71053e-04  -1.52173e-04  -1.35231e-04  -1.19665e-04  -1.05488e-04  -9.24394e-05  -8.04123e-05  -6.94146e-05  -5.90607e-05  -4.94735e-05  -4.03826e-05  -3.18307e-05  -2.35849e-05  -1.55691e-05  -7.66752e-06   0.00000e+00   7.66752e-06   1.55691e-05   2.35849e-05   3.18307e-05   4.04219e-05   4.94735e-05   5.90999e-05   6.93362e-05   8.03731e-05   9.24394e-05   1.05488e-04   1.19586e-04   1.35192e-04   1.52250e-04   1.71015e-04   1.91772e-04   2.14763e-04   2.40182e-04   2.68215e-04   2.99418e-04   3.33948e-04   3.72323e-04   4.14768e-04   4.61860e-04   5.14055e-04   5.71796e-04   6.35615e-04   7.05998e-04   7.83334e-04   8.68147e-04
  -7.50000e-04  -8.68567e-04  -7.83739e-04  -7.06358e-04  -6.36010e-04  -5.72082e-04  -5.14388e-04  -4.62170e-04  -4.15060e-04  -3.72525e-04  -3.34180e-04  -2.99647e-04  -2.68405e-04  -2.40337e-04  -2.14924e-04  -1.91943e-04  -1.71237e-04  -1.52371e-04  -1.35330e-04  -1.19782e-04  -1.05508e-04  -9.24432e-05  -8.05180e-05  -6.95060e-05  -5.91778e-05  -4.95781e-05  -4.04752e-05  -3.18333e-05  -2.35767e-05  -1.55897e-05  -7.79577e-06   0.00000e+00   7.79577e-06   1.55897e-05   2.35767e-05   3.18727e-05   4.04752e-05   4.95781e-05   5.91778e-05   6.95060e-05   8.05573e-05   9.25608e-05   1.05508e-04   1.19704e-04   1.35252e-04   1.52410e-04   1.71198e-04   1.91943e-04   2.14924e-04   2.40337e-04   2.68443e-04   2.99608e-04   3.34142e-04   3.72525e-04   4.15060e-04   4.62170e-04   5.14425e-04   5.72157e-04   6.35973e-04   7.06321e-04   7.83739e-04   8.68567e-04
  -1.00000e-03  -8.69203e-04  -7.84365e-04  -7.06906e-04  -6.36450e-04  -5.72572e-04  -5.14785e-04  -4.62557e-04  -4.15370e-04  -3.72877e-04  -3.34429e-04  -2.99913e-04  -2.68693e-04  -2.40538e-04  -2.15196e-04  -1.92174e-04  -1.71471e-04  -1.52493e-04  -1.35421e-04  -1.19884e-04  -1.05624e-04  -9.25344e-05  -8.06268e-05  -6.95553e-05  -5.92869e-05  -4.96302e-05  -4.05499e-05  -3.18921e-05  -2.35808e-05  -1.55791e-05  -7.69184e-06   0.00000e+00   7.69184e-06   1.55791e-05   2.35808e-05   3.18527e-05   4.05499e-05   4.95908e-05   5.92869e-05   6.95553e-05   8.06268e-05   9.25345e-05   1.05624e-04   1.19884e-04   1.35421e-04   1.52532e-04   1.71393e-04   1.92135e-04   2.15196e-04   2.40538e-04   2.68693e-04   2.99874e-04   3.34505e-04   3.72877e-04   4.15408e-04   4.62557e-04   5.14822e-04   5.72534e-04   6.36413e-04   7.06869e-04   7.84328e-04   8.69239e-04
  -1.25000e-03  -8.70055e-04  -7.85025e-04  -7.07566e-04  -6.37009e-04  -5.73189e-04  -5.15321e-04  -4.63022e-04  -4.15886e-04  -3.73263e-04  -3.34884e-04  -3.00215e-04  -2.69042e-04  -2.40861e-04  -2.15424e-04  -1.92466e-04  -1.71676e-04  -1.52732e-04  -1.35660e-04  -1.20009e-04  -1.05794e-04  -9.26740e-05  -8.06991e-05  -6.95620e-05  -5.93088e-05  -4.96687e-05  -4.06065e-05  -3.19678e-05  -2.36368e-05  -1.56556e-05  -7.78918e-06   0.00000e+00   7.78918e-06   1.56556e-05   2.36367e-05   3.19678e-05   4.05670e-05   4.96687e-05   5.93483e-05   6.96409e-05   8.06991e-05   9.27528e-05   1.05754e-04   1.20048e-04   1.35621e-04   1.52772e-04   1.71598e-04   1.92466e-04   2.15424e-04   2.40861e-04   2.69042e-04   3.00331e-04   3.34846e-04   3.73263e-04   4.15809e-04   4.63060e-04   5.15321e-04   5.73152e-04   6.37009e-04   7.07529e-04   7.85061e-04   8.70055e-04
  -1.50000e-03  -8.71122e-04  -7.85974e-04  -7.08410e-04  -6.37796e-04  -5.73857e-04  -5.15956e-04  -4.63637e-04  -4.16417e-04  -3.73836e-04  -3.35393e-04  -3.00668e-04  -2.69449e-04  -2.41230e-04  -2.15761e-04  -1.92700e-04  -1.71891e-04  -1.53051e-04  -1.35852e-04  -1.20235e-04  -1.05940e-04  -9.29804e-05  -8.08923e-05  -6.97628e-05  -5.94406e-05  -4.97331e-05  -4.06448e-05  -3.20206e-05  -2.37448e-05  -1.56216e-05  -7.77208e-06   0.00000e+00   7.77208e-06   1.56613e-05   2.37448e-05   3.20206e-05   4.06844e-05   4.98123e-05   5.94406e-05   6.97628e-05   8.08923e-05   9.29804e-05   1.06019e-04   1.20275e-04   1.35892e-04   1.53012e-04   1.71930e-04   1.92661e-04   2.15800e-04   2.41230e-04   2.69488e-04   3.00629e-04   3.35315e-04   3.73797e-04   4.16379e-04   4.63599e-04   5.15956e-04   5.73895e-04   6.37833e-04   7.08410e-04   7.85975e-04   8.71122e-04
  -1.75000e-03  -8.72254e-04  -7.87066e-04  -7.09363e-04  -6.38736e-04  -5.74687e-04  -5.16690e-04  -4.64289e-04  -4.17000e-04  -3.74440e-04  -3.35953e-04  -3.01195e-04  -2.69915e-04  -2.41683e-04  -2.16130e-04  -1.93111e-04  -1.72312e-04  -1.53252e-04  -1.36154e-04  -1.20524e-04  -1.06181e-04  -9.31378e-05  -8.09691e-05  -6.99210e-05  -5.96035e-05  -4.98630e-05  -4.07835e-05  -3.21300e-05  -2.37862e-05  -1.56750e-05  -7.83844e-06   0.00000e+00   7.83844e-06   1.56352e-05   2.37862e-05   3.20504e-05   4.07437e-05   4.98630e-05   5.96035e-05   6.98813e-05   8.10484e-05   9.31378e-05   1.06220e-04   1.20524e-04   1.36154e-04   1.53331e-04   1.72312e-04   1.93111e-04   2.16170e-04   2.41683e-04   2.69954e-04   3.01156e-04   3.35914e-04   3.74401e-04   4.17038e-04   4.64366e-04   5.16767e-04   5.74687e-04   6.38774e-04   7.09325e-04   7.87028e-04   8.72327e-04
  -2.00000e-03  -8.73595e-04  -7.88258e-04  -7.10458e-04  -6.39752e-04  -5.75678e-04  -5.17559e-04  -4.65167e-04  -4.17826e-04  -3.75113e-04  -3.36525e-04  -3.01834e-04  -2.70516e-04  -2.42218e-04  -2.16648e-04  -1.93542e-04  -1.72624e-04  -1.53729e-04  -1.36446e-04  -1.20835e-04  -1.06437e-04  -9.33032e-05  -8.12464e-05  -7.00755e-05  -5.97177e-05  -4.99790e-05  -4.08240e-05  -3.20966e-05  -2.37998e-05  -1.57766e-05  -7.82932e-06   0.00000e+00   7.82932e-06   1.57366e-05   2.37599e-05   3.20966e-05   4.08639e-05   4.99790e-05   5.97177e-05   7.00755e-05   8.12862e-05   9.33032e-05   1.06437e-04   1.20795e-04   1.36485e-04   1.53729e-04   1.72664e-04   1.93542e-04   2.16648e-04   2.42179e-04   2.70516e-04   3.01834e-04   3.36525e-04   3.75113e-04   4.17826e-04   4.65090e-04   5.17635e-04   5.75640e-04   6.39752e-04   7.10458e-04   7.88258e-04   8.73631e-04
  -2.25000e-03  -8.75142e-04  -7.89659e-04  -7.11694e-04  -6.40915e-04  -5.76636e-04  -5.18560e-04  -4.66077e-04  -4.18623e-04  -3.75892e-04  -3.37301e-04  -3.02506e-04  -2.71135e-04  -2.42757e-04  -2.17118e-04  -1.93952e-04  -1.73103e-04  -1.54086e-04  -1.36887e-04  -1.21129e-04  -1.06747e-04  -9.36360e-05  -8.14862e-05  -7.03461e-05  -5.99025e-05  -5.01208e-05  -4.09652e-05  -3.22793e-05  -2.38655e-05  -1.57665e-05  -7.82401e-06   0.00000e+00   7.78387e-06   1.57264e-05   2.38655e-05   3.22392e-05   4.09652e-05   5.01208e-05   5.99025e-05   7.03461e-05   8.14461e-05   9.35560e-05   1.06747e-04   1.21129e-04   1.36807e-04   1.54086e-04   1.73103e-04   1.94071e-04   2.17118e-04   2.42796e-04   2.71135e-04   3.02506e-04   3.37301e-04   3.75931e-04   4.18701e-04   4.66077e-04   5.18598e-04   5.76636e-04   6.40839e-04   7.11656e-04   7.89659e-04   8.75179e-04
  -2.50000e-03  -8.76818e-04  -7.91155e-04  -7.13067e-04  -6.42148e-04  -5.77865e-04  -5.19653e-04  -4.67055e-04  -4.19623e-04  -3.76776e-04  -3.38047e-04  -3.03288e-04  -2.71770e-04  -2.43416e-04  -2.17775e-04  -1.94539e-04  -1.73549e-04  -1.54481e-04  -1.37198e-04  -1.21564e-04  -1.07032e-04  -9.38163e-05  -8.17275e-05  -7.05730e-05  -6.00780e-05  -5.02882e-05  -4.10875e-05  -3.23989e-05  -2.39838e-05  -1.58043e-05  -7.86280e-06   0.00000e+00   7.86280e-06   1.58043e-05   2.39838e-05   3.23989e-05   4.10875e-05   5.02076e-05   6.01182e-05   7.05327e-05   8.17275e-05   9.38163e-05   1.07112e-04   1.21483e-04   1.37238e-04   1.54441e-04   1.73629e-04   1.94539e-04   2.17735e-04   2.43416e-04   2.71770e-04   3.03288e-04   3.38126e-04   3.76737e-04   4.19583e-04   4.67132e-04   5.19769e-04   5.77865e-04   6.42109e-04   7.13029e-04   7.91118e-04   8.76818e-04
  -2.75000e-03  -8.78655e-04  -7.92779e-04  -7.14573e-04  -6.43522e-04  -5.79131e-04  -5.20874e-04  -4.68215e-04  -4.20706e-04  -3.77724e-04  -3.38996e-04  -3.04059e-04  -2.72538e-04  -2.44076e-04  -2.18341e-04  -1.95182e-04  -1.74122e-04  -1.54952e-04  -1.37578e-04  -1.21900e-04  -1.07491e-04  -9.42047e-05  -8.19698e-05  -7.07953e-05  -6.02838e-05  -5.04814e-05  -4.12305e-05  -3.24541e-05  -2.40336e-05  -1.58906e-05  -7.90574e-06   0.00000e+00   7.90575e-06   1.58906e-05   2.40336e-05   3.24541e-05   4.12711e-05   5.04814e-05   6.02433e-05   7.07548e-05   8.19698e-05   9.42451e-05   1.07411e-04   1.21859e-04   1.37658e-04   1.54992e-04   1.74122e-04   1.95182e-04   2.18381e-04   2.44076e-04   2.72538e-04   3.04099e-04   3.39036e-04   3.77763e-04   4.20627e-04   4.68176e-04   5.20796e-04   5.79131e-04   6.43445e-04   7.14573e-04   7.92741e-04   8.78655e-04
  -3.00000e-03  -8.80612e-04  -7.94563e-04  -7.16131e-04  -6.45035e-04  -5.80548e-04  -5.22143e-04  -4.69361e-04  -4.21792e-04  -3.78812e-04  -3.39990e-04  -3.04937e-04  -2.73479e-04  -2.44856e-04  -2.19094e-04  -1.95802e-04  -1.74661e-04  -1.55541e-04  -1.38147e-04  -1.22336e-04  -1.07884e-04  -9.45194e-05  -8.23750e-05  -7.10531e-05  -6.04794e-05  -5.07003e-05  -4.14353e-05  -3.26067e-05  -2.41361e-05  -1.59037e-05  -7.95288e-06   0.00000e+00   7.91207e-06   1.59037e-05   2.41769e-05   3.26067e-05   4.14353e-05   5.06595e-05   6.05608e-05   7.10938e-05   8.23343e-05   9.45600e-05   1.07844e-04   1.22296e-04   1.38147e-04   1.55582e-04   1.74701e-04   1.95843e-04   2.19094e-04   2.44896e-04   2.73439e-04   3.04977e-04   3.39990e-04   3.78773e-04   4.21831e-04   4.69439e-04   5.22182e-04   5.80548e-04   6.45112e-04   7.16208e-04   7.94525e-04   8.80612e-04
  -3.25000e-03  -8.82683e-04  -7.96465e-04  -7.17969e-04  -6.46605e-04  -5.81994e-04  -5.23533e-04  -4.70684e-04  -4.23035e-04  -3.79960e-04  -3.41026e-04  -3.05961e-04  -2.74311e-04  -2.45714e-04  -2.19832e-04  -1.96518e-04  -1.75325e-04  -1.56167e-04  -1.38663e-04  -1.22752e-04  -1.08249e-04  -9.49626e-05  -8.26997e-05  -7.13464e-05  -6.07868e-05  -5.09039e-05  -4.15793e-05  -3.27349e-05  -2.42097e-05  -1.60064e-05  -7.96314e-06   0.00000e+00   7.96314e-06   1.60064e-05   2.42507e-05   3.27349e-05   4.16204e-05   5.09039e-05   6.08688e-05   7.13054e-05   8.27407e-05   9.49626e-05   1.08249e-04   1.22752e-04   1.38581e-04   1.56086e-04   1.75285e-04   1.96477e-04   2.19832e-04   2.45673e-04   2.74311e-04   3.05921e-04   3.41106e-04   3.79960e-04   4.22995e-04   4.70723e-04   5.23572e-04   5.82033e-04   6.46566e-04   7.17892e-04   7.96427e-04   8.82682e-04
  -3.50000e-03  -8.84975e-04  -7.98480e-04  -7.19772e-04  -6.48343e-04  -5.83622e-04  -5.25042e-04  -4.72144e-04  -4.24275e-04  -3.81166e-04  -3.42181e-04  -3.07010e-04  -2.75273e-04  -2.46649e-04  -2.20677e-04  -1.97247e-04  -1.75994e-04  -1.56747e-04  -1.39246e-04  -1.23351e-04  -1.08707e-04  -9.53301e-05  -8.30241e-05  -7.15926e-05  -6.10014e-05  -5.11328e-05  -4.17850e-05  -3.28794e-05  -2.43777e-05  -1.60761e-05  -7.97707e-06   0.00000e+00   7.97707e-06   1.60761e-05   2.44191e-05   3.28380e-05   4.18264e-05   5.11328e-05   6.10014e-05   7.16338e-05   8.29829e-05   9.53301e-05   1.08749e-04   1.23351e-04   1.39246e-04   1.56706e-04   1.76034e-04   1.97247e-04   2.20636e-04   2.46690e-04   2.75191e-04   3.07050e-04   3.42221e-04   3.81166e-04   4.24315e-04   4.72144e-04   5.25082e-04   5.83622e-04   6.48382e-04   7.19811e-04   7.98480e-04   8.84937e-04
  -3.75000e-03  -8.87255e-04  -8.00563e-04  -7.21768e-04  -6.50169e-04  -5.85311e-04  -5.26667e-04  -4.73577e-04  -4.25747e-04  -3.82384e-04  -3.43455e-04  -3.08079e-04  -2.76282e-04  -2.47538e-04  -2.21544e-04  -1.98111e-04  -1.76787e-04  -1.57442e-04  -1.39815e-04  -1.23804e-04  -1.09219e-04  -9.57436e-05  -8.34303e-05  -7.19977e-05  -6.13701e-05  -5.13037e-05  -4.19700e-05  -3.30400e-05  -2.43920e-05  -1.61955e-05  -7.99461e-06   0.00000e+00   7.99461e-06   1.61955e-05   2.44753e-05   3.29983e-05   4.19700e-05   5.13453e-05   6.13285e-05   7.19977e-05   8.34303e-05   9.57851e-05   1.09178e-04   1.23804e-04   1.39898e-04   1.57442e-04   1.76787e-04   1.98029e-04   2.21544e-04   2.47579e-04   2.76241e-04   3.08120e-04   3.43374e-04   3.82425e-04   4.25667e-04   4.73577e-04   5.26667e-04   5.85231e-04   6.50208e-04   7.21768e-04   8.00563e-04   8.87255e-04
  -4.00000e-03  -8.89666e-04  -8.02824e-04  -7.23715e-04  -6.52155e-04  -5.87094e-04  -5.28323e-04  -4.75139e-04  -4.27210e-04  -3.83816e-04  -3.44682e-04  -3.09290e-04  -2.77420e-04  -2.48582e-04  -2.22433e-04  -1.98862e-04  -1.77500e-04  -1.58089e-04  -1.40492e-04  -1.24440e-04  -1.09658e-04  -9.62450e-05  -8.37935e-05  -7.23132e-05  -6.16860e-05  -5.16244e-05  -4.21753e-05  -3.31329e-05  -2.46266e-05  -1.63234e-05  -8.09978e-06   0.00000e+00   8.09978e-06   1.63234e-05   2.46266e-05   3.31329e-05   4.21333e-05   5.16244e-05   6.16441e-05   7.23132e-05   8.38354e-05   9.62450e-05   1.09700e-04   1.24398e-04   1.40534e-04   1.58131e-04   1.77541e-04   1.98945e-04   2.22516e-04   2.48582e-04   2.77420e-04   3.09249e-04   3.44600e-04   3.83775e-04   4.27128e-04   4.75180e-04   5.28282e-04   5.87134e-04   6.52075e-04   7.23755e-04   8.02784e-04   8.89705e-04
  -4.25000e-03  -8.92163e-04  -8.05059e-04  -7.25923e-04  -6.54096e-04  -5.89007e-04  -5.30085e-04  -4.76828e-04  -4.28697e-04  -3.85215e-04  -3.45981e-04  -3.10600e-04  -2.78560e-04  -2.49575e-04  -2.23424e-04  -1.99830e-04  -1.78294e-04  -1.58851e-04  -1.41152e-04  -1.25094e-04  -1.10275e-04  -9.67508e-05  -8.41962e-05  -7.27051e-05  -6.19895e-05  -5.18864e-05  -4.24008e-05  -3.33676e-05  -2.47903e-05  -1.62905e-05  -8.16758e-06   0.00000e+00   8.12520e-06   1.62905e-05   2.47903e-05   3.34099e-05   4.24008e-05   5.18864e-05   6.19895e-05   7.27051e-05   8.42385e-05   9.67086e-05   1.10233e-04   1.25052e-04   1.41152e-04   1.58851e-04   1.78294e-04   1.99789e-04   2.23383e-04   2.49659e-04   2.78560e-04   3.10559e-04   3.46064e-04   3.85173e-04   4.28697e-04   4.76828e-04   5.30085e-04   5.89048e-04   6.54016e-04   7.26003e-04   8.05138e-04   8.92124e-04
  -4.50000e-03  -8.94737e-04  -8.07498e-04  -7.28148e-04  -6.56187e-04  -5.90965e-04  -5.31992e-04  -4.78517e-04  -4.30369e-04  -3.86823e-04  -3.47433e-04  -3.11883e-04  -2.79742e-04  -2.50764e-04  -2.24476e-04  -2.00722e-04  -1.79255e-04  -1.59687e-04  -1.41835e-04  -1.25638e-04  -1.10859e-04  -9.72174e-05  -8.47661e-05  -7.30891e-05  -6.22795e-05  -5.21729e-05  -4.26466e-05  -3.35338e-05  -2.49236e-05  -1.64343e-05  -8.15418e-06   0.00000e+00   8.15417e-06   1.64343e-05   2.49236e-05   3.35338e-05   4.26466e-05   5.21729e-05   6.23222e-05   7.30891e-05   8.47235e-05   9.72174e-05   1.10902e-04   1.25638e-04   1.41877e-04   1.59687e-04   1.79255e-04   2.00722e-04   2.24476e-04   2.50806e-04   2.79784e-04   3.11883e-04   3.47433e-04   3.86740e-04   4.30286e-04   4.78558e-04   5.31951e-04   5.91006e-04   6.56228e-04   7.28188e-04   8.07498e-04   8.94816e-04
  -4.75000e-03  -8.97419e-04  -8.09894e-04  -7.30461e-04  -6.58381e-04  -5.93043e-04  -5.33831e-04  -4.80323e-04  -4.32017e-04  -3.88432e-04  -3.48953e-04  -3.13260e-04  -2.81046e-04  -2.51981e-04  -2.25670e-04  -2.01789e-04  -1.80128e-04  -1.60596e-04  -1.42625e-04  -1.26323e-04  -1.11496e-04  -9.77714e-05  -8.51626e-05  -7.35071e-05  -6.26839e-05  -5.25271e-05  -4.28695e-05  -3.37585e-05  -2.50254e-05  -1.65437e-05  -8.22986e-06   0.00000e+00   8.22986e-06   1.65869e-05   2.50254e-05   3.37585e-05   4.28695e-05   5.24409e-05   6.26839e-05   7.35502e-05   8.52056e-05   9.77714e-05   1.11453e-04   1.26366e-04   1.42711e-04   1.60596e-04   1.80085e-04   2.01832e-04   2.25670e-04   2.51981e-04   2.81131e-04   3.13302e-04   3.48953e-04   3.88348e-04   4.32059e-04   4.80323e-04   5.33873e-04   5.93043e-04   6.58381e-04   7.30461e-04   8.09894e-04   8.97419e-04
  -5.00000e-03  -9.00119e-04  -8.12357e-04  -7.32773e-04  -6.60589e-04  -5.95152e-04  -5.35845e-04  -4.82245e-04  -4.33803e-04  -3.90036e-04  -3.50494e-04  -3.14772e-04  -2.82431e-04  -2.53267e-04  -2.26709e-04  -2.02818e-04  -1.81124e-04  -1.61407e-04  -1.43481e-04  -1.27066e-04  -1.12140e-04  -9.84138e-05  -8.57270e-05  -7.39591e-05  -6.29877e-05  -5.27760e-05  -4.31554e-05  -3.39995e-05  -2.51816e-05  -1.65739e-05  -8.26634e-06   0.00000e+00   8.26633e-06   1.66174e-05   2.51816e-05   3.39995e-05   4.31118e-05   5.28195e-05   6.29877e-05   7.40026e-05   8.56836e-05   9.84138e-05   1.12140e-04   1.27066e-04   1.43481e-04   1.61364e-04   1.81124e-04   2.02861e-04   2.26752e-04   2.53181e-04   2.82388e-04   3.14729e-04   3.50451e-04   3.90078e-04   4.33845e-04   4.82329e-04   5.35845e-04   5.95027e-04   6.60589e-04   7.32856e-04   8.12439e-04   8.99997e-04
# Vertical Kick [T2m2]
START
                -3.00000e-02  -2.90000e-02  -2.80000e-02  -2.70000e-02  -2.60000e-02  -2.50000e-02  -2.40000e-02  -2.30000e-02  -2.20000e-02  -2.10000e-02  -2.00000e-02  -1.90000e-02  -1.80000e-02  -1.70000e-02  -1.60000e-02  -1.50000e-02  -1.40000e-02  -1.30000e-02  -1.20000e-02  -1.10000e-02  -1.00000e-02  -9.00000e-03  -8.00000e-03  -7.00000e-03  -6.00000e-03  -5.00000e-03  -4.00000e-03  -3.00000e-03  -2.00000e-03  -1.00000e-03   0.00000e+00   1.00000e-03   2.00000e-03   3.00000e-03   4.00000e-03   5.00000e-03   6.00000e-03   7.00000e-03   8.00000e-03   9.00000e-03   1.00000e-02   1.10000e-02   1.20000e-02   1.30000e-02   1.40000e-02   1.50000e-02   1.60000e-02   1.70000e-02   1.80000e-02   1.90000e-02   2.00000e-02   2.10000e-02   2.20000e-02   2.30000e-02   2.40000e-02   2.50000e-02   2.60000e-02   2.70000e-02   2.80000e-02   2.90000e-02   3.00000e-02
   5.00000e-03  -4.74460e-03  -4.75498e-03  -4.76490e-03  -4.77417e-03  -4.78295e-03  -4.79142e-03  -4.79931e-03  -4.80674e-03  -4.81377e-03  -4.82031e-03  -4.82647e-03  -4.83221e-03  -4.83751e-03  -4.84232e-03  -4.84685e-03  -4.85097e-03  -4.85469e-03  -4.85819e-03  -4.86133e-03  -4.86399e-03  -4.86657e-03  -4.86876e-03  -4.87074e-03  -4.87235e-03  -4.87381e-03  -4.87505e-03  -4.87601e-03  -4.87674e-03  -4.87722e-03  -4.87763e-03  -4.87766e-03  -4.87763e-03  -4.87722e-03  -4.87674e-03  -4.87597e-03  -4.87501e-03  -4.87390e-03  -4.87235e-03  -4.87065e-03  -4.86876e-03  -4.86661e-03  -4.86408e-03  -4.86129e-03  -4.85819e-03  -4.85469e-03  -4.85097e-03  -4.84689e-03  -4.84240e-03  -4.83751e-03  -4.83212e-03  -4.82647e-03  -4.82027e-03  -4.81377e-03  -4.80674e-03  -4.79931e-03  -4.79133e-03  -4.78303e-03  -4.77417e-03  -4.76490e-03  -4.75502e-03  -4.74464e-03
   4.75000e-03  -4.44457e-03  -4.45484e-03  -4.46444e-03  -4.47345e-03  -4.48203e-03  -4.49014e-03  -4.49775e-03  -4.50486e-03  -4.51167e-03  -4.51797e-03  -4.52387e-03  -4.52940e-03  -4.53441e-03  -4.53906e-03  -4.54334e-03  -4.54730e-03  -4.55093e-03  -4.55416e-03  -4.55710e-03  -4.55972e-03  -4.56215e-03  -4.56422e-03  -4.56613e-03  -4.56771e-03  -4.56902e-03  -4.57017e-03  -4.57115e-03  -4.57191e-03  -4.57235e-03  -4.57269e-03  -4.57280e-03  -4.57265e-03  -4.57235e-03  -4.57191e-03  -4.57115e-03  -4.57017e-03  -4.56915e-03  -4.56767e-03  -4.56604e-03  -4.56422e-03  -4.56215e-03  -4.55981e-03  -4.55714e-03  -4.55416e-03  -4.55088e-03  -4.54734e-03  -4.54338e-03  -4.53906e-03  -4.53437e-03  -4.52940e-03  -4.52391e-03  -4.51797e-03  -4.51162e-03  -4.50486e-03  -4.49775e-03  -4.49014e-03  -4.48203e-03  -4.47349e-03  -4.46440e-03  -4.45480e-03  -4.44452e-03
   4.50000e-03  -4.15460e-03  -4.16464e-03  -4.17397e-03  -4.18282e-03  -4.19105e-03  -4.19874e-03  -4.20613e-03  -4.21298e-03  -4.21942e-03  -4.22548e-03  -4.23114e-03  -4.23632e-03  -4.24112e-03  -4.24556e-03  -4.24967e-03  -4.25350e-03  -4.25687e-03  -4.26000e-03  -4.26282e-03  -4.26540e-03  -4.26751e-03  -4.26962e-03  -4.27143e-03  -4.27292e-03  -4.27417e-03  -4.27532e-03  -4.27614e-03  -4.27685e-03  -4.27729e-03  -4.27761e-03  -4.27771e-03  -4.27761e-03  -4.27733e-03  -4.27685e-03  -4.27618e-03  -4.27532e-03  -4.27417e-03  -4.27288e-03  -4.27143e-03  -4.26962e-03  -4.26755e-03  -4.26535e-03  -4.26286e-03  -4.26000e-03  -4.25691e-03  -4.25346e-03  -4.24972e-03  -4.24564e-03  -4.24117e-03  -4.23636e-03  -4.23110e-03  -4.22548e-03  -4.21942e-03  -4.21298e-03  -4.20609e-03  -4.19882e-03  -4.19105e-03  -4.18270e-03  -4.17397e-03  -4.16460e-03  -4.15464e-03
   4.25000e-03  -3.87409e-03  -3.88379e-03  -3.89293e-03  -3.90135e-03  -3.90928e-03  -3.91677e-03  -3.92372e-03  -3.93033e-03  -3.93649e-03  -3.94224e-03  -3.94757e-03  -3.95256e-03  -3.95719e-03  -3.96141e-03  -3.96530e-03  -3.96887e-03  -3.97210e-03  -3.97503e-03  -3.97770e-03  -3.98009e-03  -3.98222e-03  -3.98412e-03  -3.98582e-03  -3.98728e-03  -3.98846e-03  -3.98956e-03  -3.99039e-03  -3.99092e-03  -3.99145e-03  -3.99170e-03  -3.99188e-03  -3.99170e-03  -3.99150e-03  -3.99092e-03  -3.99035e-03  -3.98956e-03  -3.98842e-03  -3.98728e-03  -3.98582e-03  -3.98416e-03  -3.98231e-03  -3.98009e-03  -3.97774e-03  -3.97503e-03  -3.97201e-03  -3.96887e-03  -3.96526e-03  -3.96136e-03  -3.95714e-03  -3.95256e-03  -3.94757e-03  -3.94224e-03  -3.93649e-03  -3.93037e-03  -3.92380e-03  -3.91677e-03  -3.90928e-03  -3.90139e-03  -3.89285e-03  -3.88383e-03  -3.87413e-03
   4.00000e-03  -3.60234e-03  -3.61186e-03  -3.62062e-03  -3.62873e-03  -3.63623e-03  -3.64334e-03  -3.65004e-03  -3.65627e-03  -3.66212e-03  -3.66763e-03  -3.67259e-03  -3.67738e-03  -3.68178e-03  -3.68573e-03  -3.68937e-03  -3.69284e-03  -3.69587e-03  -3.69857e-03  -3.70115e-03  -3.70345e-03  -3.70547e-03  -3.70720e-03  -3.70884e-03  -3.71021e-03  -3.71137e-03  -3.71238e-03  -3.71305e-03  -3.71378e-03  -3.71406e-03  -3.71445e-03  -3.71458e-03  -3.71441e-03  -3.71414e-03  -3.71382e-03  -3.71309e-03  -3.71238e-03  -3.71137e-03  -3.71021e-03  -3.70884e-03  -3.70724e-03  -3.70547e-03  -3.70341e-03  -3.70120e-03  -3.69870e-03  -3.69583e-03  -3.69284e-03  -3.68941e-03  -3.68577e-03  -3.68178e-03  -3.67738e-03  -3.67271e-03  -3.66759e-03  -3.66212e-03  -3.65631e-03  -3.65000e-03  -3.64342e-03  -3.63631e-03  -3.62869e-03  -3.62058e-03  -3.61186e-03  -3.60238e-03
   3.75000e-03  -3.33894e-03  -3.34800e-03  -3.35636e-03  -3.36406e-03  -3.37126e-03  -3.37804e-03  -3.38443e-03  -3.39031e-03  -3.39581e-03  -3.40099e-03  -3.40572e-03  -3.41023e-03  -3.41430e-03  -3.41815e-03  -3.42156e-03  -3.42476e-03  -3.42756e-03  -3.43035e-03  -3.43264e-03  -3.43480e-03  -3.43671e-03  -3.43843e-03  -3.43992e-03  -3.44112e-03  -3.44229e-03  -3.44317e-03  -3.44390e-03  -3.44444e-03  -3.44485e-03  -3.44510e-03  -3.44514e-03  -3.44510e-03  -3.44490e-03  -3.44444e-03  -3.44390e-03  -3.44313e-03  -3.44225e-03  -3.44112e-03  -3.43988e-03  -3.43839e-03  -3.43671e-03  -3.43480e-03  -3.43264e-03  -3.43027e-03  -3.42760e-03  -3.42476e-03  -3.42156e-03  -3.41811e-03  -3.41430e-03  -3.41023e-03  -3.40585e-03  -3.40103e-03  -3.39581e-03  -3.39031e-03  -3.38435e-03  -3.37804e-03  -3.37130e-03  -3.36410e-03  -3.35636e-03  -3.34804e-03  -3.33897e-03
   3.50000e-03  -3.08304e-03  -3.09174e-03  -3.09971e-03  -3.10698e-03  -3.11386e-03  -3.12022e-03  -3.12616e-03  -3.13180e-03  -3.13705e-03  -3.14181e-03  -3.14635e-03  -3.15056e-03  -3.15435e-03  -3.15788e-03  -3.16110e-03  -3.16411e-03  -3.16680e-03  -3.16930e-03  -3.17155e-03  -3.17357e-03  -3.17531e-03  -3.17691e-03  -3.17824e-03  -3.17948e-03  -3.18046e-03  -3.18133e-03  -3.18207e-03  -3.18255e-03  -3.18297e-03  -3.18310e-03  -3.18322e-03  -3.18310e-03  -3.18297e-03  -3.18255e-03  -3.18207e-03  -3.18141e-03  -3.18046e-03  -3.17948e-03  -3.17824e-03  -3.17686e-03  -3.17531e-03  -3.17352e-03  -3.17155e-03  -3.16930e-03  -3.16684e-03  -3.16415e-03  -3.16114e-03  -3.15788e-03  -3.15439e-03  -3.15052e-03  -3.14631e-03  -3.14185e-03  -3.13701e-03  -3.13176e-03  -3.12620e-03  -3.12018e-03  -3.11382e-03  -3.10702e-03  -3.09971e-03  -3.09178e-03  -3.08308e-03
   3.25000e-03  -2.83431e-03  -2.84247e-03  -2.84998e-03  -2.85685e-03  -2.86330e-03  -2.86935e-03  -2.87498e-03  -2.88008e-03  -2.88503e-03  -2.88953e-03  -2.89378e-03  -2.89760e-03  -2.90127e-03  -2.90456e-03  -2.90754e-03  -2.91039e-03  -2.91285e-03  -2.91507e-03  -2.91718e-03  -2.91909e-03  -2.92081e-03  -2.92222e-03  -2.92353e-03  -2.92464e-03  -2.92559e-03  -2.92641e-03  -2.92699e-03  -2.92755e-03  -2.92792e-03  -2.92812e-03  -2.92810e-03  -2.92812e-03  -2.92792e-03  -2.92755e-03  -2.92699e-03  -2.92633e-03  -2.92563e-03  -2.92459e-03  -2.92349e-03  -2.92222e-03  -2.92077e-03  -2.91909e-03  -2.91722e-03  -2.91515e-03  -2.91289e-03  -2.91039e-03  -2.90758e-03  -2.90456e-03  -2.90131e-03  -2.89760e-03  -2.89378e-03  -2.88953e-03  -2.88499e-03  -2.88008e-03  -2.87498e-03  -2.86931e-03  -2.86334e-03  -2.85693e-03  -2.84998e-03  -2.84243e-03  -2.83431e-03
   3.00000e-03  -2.59188e-03  -2.59966e-03  -2.60674e-03  -2.61317e-03  -2.61919e-03  -2.62478e-03  -2.62998e-03  -2.63481e-03  -2.63937e-03  -2.64355e-03  -2.64747e-03  -2.65114e-03  -2.65447e-03  -2.65751e-03  -2.66030e-03  -2.66283e-03  -2.66520e-03  -2.66734e-03  -2.66932e-03  -2.67100e-03  -2.67256e-03  -2.67388e-03  -2.67504e-03  -2.67609e-03  -2.67706e-03  -2.67775e-03  -2.67825e-03  -2.67879e-03  -2.67916e-03  -2.67934e-03  -2.67931e-03  -2.67934e-03  -2.67916e-03  -2.67879e-03  -2.67833e-03  -2.67775e-03  -2.67702e-03  -2.67609e-03  -2.67508e-03  -2.67384e-03  -2.67252e-03  -2.67096e-03  -2.66924e-03  -2.66730e-03  -2.66520e-03  -2.66283e-03  -2.66026e-03  -2.65743e-03  -2.65439e-03  -2.65110e-03  -2.64751e-03  -2.64359e-03  -2.63937e-03  -2.63489e-03  -2.62994e-03  -2.62478e-03  -2.61915e-03  -2.61317e-03  -2.60662e-03  -2.59962e-03  -2.59195e-03
   2.75000e-03  -2.35549e-03  -2.36277e-03  -2.36927e-03  -2.37533e-03  -2.38078e-03  -2.38598e-03  -2.39085e-03  -2.39528e-03  -2.39952e-03  -2.40341e-03  -2.40700e-03  -2.41036e-03  -2.41338e-03  -2.41617e-03  -2.41871e-03  -2.42121e-03  -2.42337e-03  -2.42522e-03  -2.42702e-03  -2.42860e-03  -2.43003e-03  -2.43130e-03  -2.43235e-03  -2.43335e-03  -2.43408e-03  -2.43480e-03  -2.43535e-03  -2.43575e-03  -2.43613e-03  -2.43628e-03  -2.43637e-03  -2.43628e-03  -2.43613e-03  -2.43579e-03  -2.43535e-03  -2.43480e-03  -2.43408e-03  -2.43335e-03  -2.43239e-03  -2.43130e-03  -2.42999e-03  -2.42868e-03  -2.42706e-03  -2.42526e-03  -2.42333e-03  -2.42113e-03  -2.41879e-03  -2.41613e-03  -2.41342e-03  -2.41036e-03  -2.40696e-03  -2.40341e-03  -2.39948e-03  -2.39528e-03  -2.39085e-03  -2.38602e-03  -2.38090e-03  -2.37526e-03  -2.36927e-03  -2.36269e-03  -2.35553e-03
   2.50000e-03  -2.12455e-03  -2.13118e-03  -2.13717e-03  -2.14276e-03  -2.14782e-03  -2.15255e-03  -2.15703e-03  -2.16113e-03  -2.16496e-03  -2.16848e-03  -2.17176e-03  -2.17480e-03  -2.17759e-03  -2.18013e-03  -2.18254e-03  -2.18467e-03  -2.18663e-03  -2.18843e-03  -2.18997e-03  -2.19148e-03  -2.19279e-03  -2.19396e-03  -2.19489e-03  -2.19572e-03  -2.19650e-03  -2.19713e-03  -2.19765e-03  -2.19807e-03  -2.19828e-03  -2.19841e-03  -2.19845e-03  -2.19841e-03  -2.19824e-03  -2.19799e-03  -2.19765e-03  -2.19713e-03  -2.19646e-03  -2.19572e-03  -2.19489e-03  -2.19392e-03  -2.19271e-03  -2.19148e-03  -2.19009e-03  -2.18843e-03  -2.18671e-03  -2.18467e-03  -2.18254e-03  -2.18021e-03  -2.17759e-03  -2.17479e-03  -2.17176e-03  -2.16840e-03  -2.16492e-03  -2.16109e-03  -2.15699e-03  -2.15262e-03  -2.14786e-03  -2.14272e-03  -2.13721e-03  -2.13121e-03  -2.12451e-03
   2.25000e-03  -1.89843e-03  -1.90444e-03  -1.91001e-03  -1.91497e-03  -1.91959e-03  -1.92398e-03  -1.92796e-03  -1.93160e-03  -1.93505e-03  -1.93831e-03  -1.94124e-03  -1.94407e-03  -1.94655e-03  -1.94891e-03  -1.95099e-03  -1.95291e-03  -1.95475e-03  -1.95633e-03  -1.95777e-03  -1.95905e-03  -1.96024e-03  -1.96127e-03  -1.96209e-03  -1.96298e-03  -1.96357e-03  -1.96418e-03  -1.96463e-03  -1.96495e-03  -1.96525e-03  -1.96539e-03  -1.96542e-03  -1.96539e-03  -1.96525e-03  -1.96495e-03  -1.96463e-03  -1.96414e-03  -1.96361e-03  -1.96298e-03  -1.96213e-03  -1.96127e-03  -1.96024e-03  -1.95905e-03  -1.95777e-03  -1.95633e-03  -1.95471e-03  -1.95299e-03  -1.95103e-03  -1.94887e-03  -1.94655e-03  -1.94403e-03  -1.94124e-03  -1.93827e-03  -1.93517e-03  -1.93168e-03  -1.92788e-03  -1.92394e-03  -1.91963e-03  -1.91494e-03  -1.90998e-03  -1.90447e-03  -1.89843e-03
   2.00000e-03  -1.67667e-03  -1.68215e-03  -1.68699e-03  -1.69150e-03  -1.69573e-03  -1.69955e-03  -1.70308e-03  -1.70649e-03  -1.70945e-03  -1.71240e-03  -1.71501e-03  -1.71750e-03  -1.71976e-03  -1.72185e-03  -1.72376e-03  -1.72551e-03  -1.72701e-03  -1.72842e-03  -1.72979e-03  -1.73092e-03  -1.73190e-03  -1.73284e-03  -1.73370e-03  -1.73434e-03  -1.73494e-03  -1.73546e-03  -1.73587e-03  -1.73614e-03  -1.73635e-03  -1.73654e-03  -1.73649e-03  -1.73654e-03  -1.73639e-03  -1.73618e-03  -1.73587e-03  -1.73546e-03  -1.73494e-03  -1.73434e-03  -1.73370e-03  -1.73284e-03  -1.73190e-03  -1.73092e-03  -1.72979e-03  -1.72842e-03  -1.72705e-03  -1.72547e-03  -1.72376e-03  -1.72189e-03  -1.71972e-03  -1.71754e-03  -1.71505e-03  -1.71236e-03  -1.70952e-03  -1.70645e-03  -1.70312e-03  -1.69955e-03  -1.69570e-03  -1.69153e-03  -1.68699e-03  -1.68207e-03  -1.67667e-03
   1.75000e-03  -1.45874e-03  -1.46353e-03  -1.46790e-03  -1.47194e-03  -1.47556e-03  -1.47898e-03  -1.48207e-03  -1.48500e-03  -1.48768e-03  -1.49020e-03  -1.49254e-03  -1.49473e-03  -1.49666e-03  -1.49846e-03  -1.50014e-03  -1.50168e-03  -1.50309e-03  -1.50428e-03  -1.50547e-03  -1.50641e-03  -1.50734e-03  -1.50814e-03  -1.50888e-03  -1.50951e-03  -1.51000e-03  -1.51038e-03  -1.51083e-03  -1.51100e-03  -1.51129e-03  -1.51135e-03  -1.51136e-03  -1.51135e-03  -1.51129e-03  -1.51097e-03  -1.51083e-03  -1.51042e-03  -1.51000e-03  -1.50951e-03  -1.50888e-03  -1.50810e-03  -1.50742e-03  -1.50641e-03  -1.50547e-03  -1.50432e-03  -1.50309e-03  -1.50172e-03  -1.50011e-03  -1.49850e-03  -1.49666e-03  -1.49473e-03  -1.49254e-03  -1.49020e-03  -1.48772e-03  -1.48496e-03  -1.48203e-03  -1.47898e-03  -1.47556e-03  -1.47186e-03  -1.46794e-03  -1.46350e-03  -1.45867e-03
   1.50000e-03  -1.24416e-03  -1.24833e-03  -1.25212e-03  -1.25550e-03  -1.25868e-03  -1.26162e-03  -1.26437e-03  -1.26682e-03  -1.26915e-03  -1.27135e-03  -1.27328e-03  -1.27514e-03  -1.27683e-03  -1.27843e-03  -1.27986e-03  -1.28118e-03  -1.28233e-03  -1.28338e-03  -1.28435e-03  -1.28529e-03  -1.28606e-03  -1.28676e-03  -1.28731e-03  -1.28788e-03  -1.28829e-03  -1.28874e-03  -1.28900e-03  -1.28923e-03  -1.28936e-03  -1.28951e-03  -1.28948e-03  -1.28947e-03  -1.28936e-03  -1.28919e-03  -1.28904e-03  -1.28874e-03  -1.28833e-03  -1.28788e-03  -1.28731e-03  -1.28676e-03  -1.28602e-03  -1.28521e-03  -1.28443e-03  -1.28342e-03  -1.28233e-03  -1.28114e-03  -1.27982e-03  -1.27835e-03  -1.27687e-03  -1.27514e-03  -1.27328e-03  -1.27135e-03  -1.26911e-03  -1.26682e-03  -1.26429e-03  -1.26162e-03  -1.25868e-03  -1.25549e-03  -1.25209e-03  -1.24833e-03  -1.24416e-03
   1.25000e-03  -1.03246e-03  -1.03599e-03  -1.03910e-03  -1.04202e-03  -1.04461e-03  -1.04703e-03  -1.04935e-03  -1.05144e-03  -1.05348e-03  -1.05521e-03  -1.05685e-03  -1.05847e-03  -1.05984e-03  -1.06114e-03  -1.06234e-03  -1.06341e-03  -1.06442e-03  -1.06530e-03  -1.06612e-03  -1.06686e-03  -1.06755e-03  -1.06810e-03  -1.06861e-03  -1.06897e-03  -1.06938e-03  -1.06966e-03  -1.06992e-03  -1.07018e-03  -1.07026e-03  -1.07035e-03  -1.07039e-03  -1.07035e-03  -1.07030e-03  -1.07018e-03  -1.06988e-03  -1.06966e-03  -1.06935e-03  -1.06897e-03  -1.06857e-03  -1.06810e-03  -1.06754e-03  -1.06682e-03  -1.06612e-03  -1.06530e-03  -1.06438e-03  -1.06341e-03  -1.06234e-03  -1.06114e-03  -1.05984e-03  -1.05844e-03  -1.05689e-03  -1.05521e-03  -1.05340e-03  -1.05140e-03  -1.04932e-03  -1.04710e-03  -1.04457e-03  -1.04198e-03  -1.03910e-03  -1.03595e-03  -1.03246e-03
   1.00000e-03  -8.23118e-04  -8.25927e-04  -8.28491e-04  -8.30770e-04  -8.32910e-04  -8.34872e-04  -8.36693e-04  -8.38405e-04  -8.39967e-04  -8.41368e-04  -8.42715e-04  -8.43918e-04  -8.45077e-04  -8.46216e-04  -8.47082e-04  -8.47965e-04  -8.48764e-04  -8.49533e-04  -8.50168e-04  -8.50757e-04  -8.51234e-04  -8.51685e-04  -8.52158e-04  -8.52502e-04  -8.52841e-04  -8.52984e-04  -8.53250e-04  -8.53404e-04  -8.53491e-04  -8.53510e-04  -8.53543e-04  -8.53510e-04  -8.53530e-04  -8.53404e-04  -8.53250e-04  -8.52984e-04  -8.52841e-04  -8.52502e-04  -8.52158e-04  -8.51685e-04  -8.51234e-04  -8.50718e-04  -8.50089e-04  -8.49455e-04  -8.48803e-04  -8.48004e-04  -8.47121e-04  -8.46177e-04  -8.45155e-04  -8.43918e-04  -8.42753e-04  -8.41406e-04  -8.39928e-04  -8.38405e-04  -8.36693e-04  -8.34948e-04  -8.32872e-04  -8.30770e-04  -8.28454e-04  -8.25927e-04  -8.23154e-04
   7.50000e-04  -6.15719e-04  -6.17768e-04  -6.19668e-04  -6.21484e-04  -6.23093e-04  -6.24560e-04  -6.25910e-04  -6.27207e-04  -6.28400e-04  -6.29434e-04  -6.30408e-04  -6.31380e-04  -6.32212e-04  -6.33000e-04  -6.33719e-04  -6.34421e-04  -6.35002e-04  -6.35589e-04  -6.36036e-04  -6.36469e-04  -6.36778e-04  -6.37205e-04  -6.37481e-04  -6.37808e-04  -6.37955e-04  -6.38082e-04  -6.38311e-04  -6.38407e-04  -6.38492e-04  -6.38526e-04  -6.38590e-04  -6.38526e-04  -6.38492e-04  -6.38407e-04  -6.38389e-04  -6.38121e-04  -6.37955e-04  -6.37808e-04  -6.37481e-04  -6.37244e-04  -6.36856e-04  -6.36508e-04  -6.35958e-04  -6.35550e-04  -6.34962e-04  -6.34382e-04  -6.33719e-04  -6.33039e-04  -6.32212e-04  -6.31341e-04  -6.30408e-04  -6.29473e-04  -6.28323e-04  -6.27131e-04  -6.25910e-04  -6.24522e-04  -6.23093e-04  -6.21484e-04  -6.19705e-04  -6.17768e-04  -6.15719e-04
   5.00000e-04  -4.09675e-04  -4.11104e-04  -4.12374e-04  -4.13501e-04  -4.14613e-04  -4.15580e-04  -4.16532e-04  -4.17335e-04  -4.18080e-04  -4.18860e-04  -4.19498e-04  -4.20159e-04  -4.20702e-04  -4.21215e-04  -4.21746e-04  -4.22150e-04  -4.22590e-04  -4.22916e-04  -4.23254e-04  -4.23530e-04  -4.23827e-04  -4.23995e-04  -4.24231e-04  -4.24423e-04  -4.24574e-04  -4.24763e-04  -4.24837e-04  -4.24875e-04  -4.24918e-04  -4.24928e-04  -4.24984e-04  -4.24928e-04  -4.24918e-04  -4.24875e-04  -4.24837e-04  -4.24724e-04  -4.24495e-04  -4.24423e-04  -4.24231e-04  -4.23995e-04  -4.23827e-04  -4.23530e-04  -4.23254e-04  -4.22955e-04  -4.22590e-04  -4.22150e-04  -4.21746e-04  -4.21215e-04  -4.20741e-04  -4.20159e-04  -4.19536e-04  -4.18860e-04  -4.18119e-04  -4.17373e-04  -4.16456e-04  -4.15542e-04  -4.14613e-04  -4.13538e-04  -4.12374e-04  -4.11104e-04  -4.09639e-04
   2.50000e-04  -2.04582e-04  -2.05316e-04  -2.05951e-04  -2.06571e-04  -2.07072e-04  -2.07500e-04  -2.07976e-04  -2.08472e-04  -2.08884e-04  -2.09217e-04  -2.09555e-04  -2.09867e-04  -2.10158e-04  -2.10395e-04  -2.10622e-04  -2.10844e-04  -2.11103e-04  -2.11286e-04  -2.11357e-04  -2.11554e-04  -2.11683e-04  -2.11786e-04  -2.11944e-04  -2.11922e-04  -2.12037e-04  -2.12131e-04  -2.12208e-04  -2.12148e-04  -2.12229e-04  -2.12253e-04  -2.12262e-04  -2.12253e-04  -2.12229e-04  -2.12148e-04  -2.12208e-04  -2.12131e-04  -2.12037e-04  -2.12001e-04  -2.11983e-04  -2.11786e-04  -2.11683e-04  -2.11554e-04  -2.11357e-04  -2.11247e-04  -2.11064e-04  -2.10805e-04  -2.10584e-04  -2.10434e-04  -2.10158e-04  -2.09867e-04  -2.09517e-04  -2.09179e-04  -2.08884e-04  -2.08472e-04  -2.08051e-04  -2.07537e-04  -2.07072e-04  -2.06534e-04  -2.05951e-04  -2.05316e-04  -2.04546e-04
   0.00000e+00   0.00000e+00   0.00000e+00   0.00000e+00   0.00000e+00   0.00000e+00   0.00000e+00   0.00000e+00   0.00000e+00   0.00000e+00   0.00000e+00   0.00000e+00   0.00000e+00   0.00000e+00   0.00000e+00   0.00000e+00   0.00000e+00   0.00000e+00   0.00000e+00   0.00000e+00   0.00000e+00   0.00000e+00   0.00000e+00   0.00000e+00   0.00000e+00   0.00000e+00   0.00000e+00   0.00000e+00   0.00000e+00   0.00000e+00   0.00000e+00   0.00000e+00   0.00000e+00   0.00000e+00   0.00000e+00   0.00000e+00   0.00000e+00   0.00000e+00   0.00000e+00   0.00000e+00   0.00000e+00   0.00000e+00   0.00000e+00   0.00000e+00   0.00000e+00   0.00000e+00   0.00000e+00   0.00000e+00   0.00000e+00   0.00000e+00   0.00000e+00   0.00000e+00   0.00000e+00   0.00000e+00   0.00000e+00   0.00000e+00   0.00000e+00   0.00000e+00   0.00000e+00   0.00000e+00   0.00000e+00   0.00000e+00
  -2.50000e-04   2.04582e-04   2.05316e-04   2.05951e-04   2.06571e-04   2.07072e-04   2.07500e-04   2.07976e-04   2.08472e-04   2.08884e-04   2.09217e-04   2.09555e-04   2.09867e-04   2.10158e-04   2.10395e-04   2.10622e-04   2.10844e-04   2.11103e-04   2.11286e-04   2.11357e-04   2.11554e-04   2.11683e-04   2.11786e-04   2.11944e-04   2.11922e-04   2.12037e-04   2.12131e-04   2.12208e-04   2.12148e-04   2.12229e-04   2.12253e-04   2.12262e-04   2.12253e-04   2.12229e-04   2.12148e-04   2.12208e-04   2.12131e-04   2.12037e-04   2.12001e-04   2.11983e-04   2.11786e-04   2.11683e-04   2.11554e-04   2.11357e-04   2.11247e-04   2.11064e-04   2.10805e-04   2.10584e-04   2.10434e-04   2.10158e-04   2.09867e-04   2.09517e-04   2.09179e-04   2.08884e-04   2.08472e-04   2.08051e-04   2.07537e-04   2.07072e-04   2.06534e-04   2.05951e-04   2.05316e-04   2.04546e-04
  -5.00000e-04   4.09675e-04   4.11104e-04   4.12374e-04   4.13501e-04   4.14613e-04   4.15580e-04   4.16532e-04   4.17335e-04   4.18080e-04   4.18860e-04   4.19498e-04   4.20159e-04   4.20702e-04   4.21215e-04   4.21746e-04   4.22150e-04   4.22590e-04   4.22916e-04   4.23254e-04   4.23530e-04   4.23827e-04   4.23995e-04   4.24231e-04   4.24423e-04   4.24574e-04   4.24763e-04   4.24837e-04   4.24875e-04   4.24918e-04   4.24928e-04   4.24984e-04   4.24928e-04   4.24918e-04   4.24875e-04   4.24837e-04   4.24724e-04   4.24495e-04   4.24423e-04   4.24231e-04   4.23995e-04   4.23827e-04   4.23530e-04   4.23254e-04   4.22955e-04   4.22590e-04   4.22150e-04   4.21746e-04   4.21215e-04   4.20741e-04   4.20159e-04   4.19536e-04   4.18860e-04   4.18119e-04   4.17373e-04   4.16456e-04   4.15542e-04   4.14613e-04   4.13538e-04   4.12374e-04   4.11104e-04   4.09639e-04
  -7.50000e-04   6.15719e-04   6.17768e-04   6.19668e-04   6.21484e-04   6.23093e-04   6.24560e-04   6.25910e-04   6.27207e-04   6.28400e-04   6.29434e-04   6.30408e-04   6.31380e-04   6.32212e-04   6.33000e-04   6.33719e-04   6.34421e-04   6.35002e-04   6.35589e-04   6.36036e-04   6.36469e-04   6.36778e-04   6.37205e-04   6.37481e-04   6.37808e-04   6.37955e-04   6.38082e-04   6.38311e-04   6.38407e-04   6.38492e-04   6.38526e-04   6.38590e-04   6.38526e-04   6.38492e-04   6.38407e-04   6.38389e-04   6.38121e-04   6.37955e-04   6.37808e-04   6.37481e-04   6.37244e-04   6.36856e-04   6.36508e-04   6.35958e-04   6.35550e-04   6.34962e-04   6.34382e-04   6.33719e-04   6.33039e-04   6.32212e-04   6.31341e-04   6.30408e-04   6.29473e-04   6.28323e-04   6.27131e-04   6.25910e-04   6.24522e-04   6.23093e-04   6.21484e-04   6.19705e-04   6.17768e-04   6.15719e-04
  -1.00000e-03   8.23118e-04   8.25927e-04   8.28491e-04   8.30770e-04   8.32910e-04   8.34872e-04   8.36693e-04   8.38405e-04   8.39967e-04   8.41368e-04   8.42715e-04   8.43918e-04   8.45077e-04   8.46216e-04   8.47082e-04   8.47965e-04   8.48764e-04   8.49533e-04   8.50168e-04   8.50757e-04   8.51234e-04   8.51685e-04   8.52158e-04   8.52502e-04   8.52841e-04   8.52984e-04   8.53250e-04   8.53404e-04   8.53491e-04   8.53510e-04   8.53543e-04   8.53510e-04   8.53530e-04   8.53404e-04   8.53250e-04   8.52984e-04   8.52841e-04   8.52502e-04   8.52158e-04   8.51685e-04   8.51234e-04   8.50718e-04   8.50089e-04   8.49455e-04   8.48803e-04   8.48004e-04   8.47121e-04   8.46177e-04   8.45155e-04   8.43918e-04   8.42753e-04   8.41406e-04   8.39928e-04   8.38405e-04   8.36693e-04   8.34948e-04   8.32872e-04   8.30770e-04   8.28454e-04   8.25927e-04   8.23154e-04
  -1.25000e-03   1.03246e-03   1.03599e-03   1.03910e-03   1.04202e-03   1.04461e-03   1.04703e-03   1.04935e-03   1.05144e-03   1.05348e-03   1.05521e-03   1.05685e-03   1.05847e-03   1.05984e-03   1.06114e-03   1.06234e-03   1.06341e-03   1.06442e-03   1.06530e-03   1.06612e-03   1.06686e-03   1.06755e-03   1.06810e-03   1.06861e-03   1.06897e-03   1.06938e-03   1.06966e-03   1.06992e-03   1.07018e-03   1.07026e-03   1.07035e-03   1.07039e-03   1.07035e-03   1.07030e-03   1.07018e-03   1.06988e-03   1.06966e-03   1.06935e-03   1.06897e-03   1.06857e-03   1.06810e-03   1.06754e-03   1.06682e-03   1.06612e-03   1.06530e-03   1.06438e-03   1.06341e-03   1.06234e-03   1.06114e-03   1.05984e-03   1.05844e-03   1.05689e-03   1.05521e-03   1.05340e-03   1.05140e-03   1.04932e-03   1.04710e-03   1.04457e-03   1.04198e-03   1.03910e-03   1.03595e-03   1.03246e-03
  -1.50000e-03   1.24416e-03   1.24833e-03   1.25212e-03   1.25550e-03   1.25868e-03   1.26162e-03   1.26437e-03   1.26682e-03   1.26915e-03   1.27135e-03   1.27328e-03   1.27514e-03   1.27683e-03   1.27843e-03   1.27986e-03   1.28118e-03   1.28233e-03   1.28338e-03   1.28435e-03   1.28529e-03   1.28606e-03   1.28676e-03   1.28731e-03   1.28788e-03   1.28829e-03   1.28874e-03   1.28900e-03   1.28923e-03   1.28936e-03   1.28951e-03   1.28948e-03   1.28947e-03   1.28936e-03   1.28919e-03   1.28904e-03   1.28874e-03   1.28833e-03   1.28788e-03   1.28731e-03   1.28676e-03   1.28602e-03   1.28521e-03   1.28443e-03   1.28342e-03   1.28233e-03   1.28114e-03   1.27982e-03   1.27835e-03   1.27687e-03   1.27514e-03   1.27328e-03   1.27135e-03   1.26911e-03   1.26682e-03   1.26429e-03   1.26162e-03   1.25868e-03   1.25549e-03   1.25209e-03   1.24833e-03   1.24416e-03
  -1.75000e-03   1.45874e-03   1.46353e-03   1.46790e-03   1.47194e-03   1.47556e-03   1.47898e-03   1.48207e-03   1.48500e-03   1.48768e-03   1.49020e-03   1.49254e-03   1.49473e-03   1.49666e-03   1.49846e-03   1.50014e-03   1.50168e-03   1.50309e-03   1.50428e-03   1.50547e-03   1.50641e-03   1.50734e-03   1.50814e-03   1.50888e-03   1.50951e-03   1.51000e-03   1.51038e-03   1.51083e-03   1.51100e-03   1.51129e-03   1.51135e-03   1.51136e-03   1.51135e-03   1.51129e-03   1.51097e-03   1.51083e-03   1.51042e-03   1.51000e-03   1.50951e-03   1.50888e-03   1.50810e-03   1.50742e-03   1.50641e-03   1.50547e-03   1.50432e-03   1.50309e-03   1.50172e-03   1.50011e-03   1.49850e-03   1.49666e-03   1.49473e-03   1.49254e-03   1.49020e-03   1.48772e-03   1.48496e-03   1.48203e-03   1.47898e-03   1.47556e-03   1.47186e-03   1.46794e-03   1.46350e-03   1.45867e-03
  -2.00000e-03   1.67667e-03   1.68215e-03   1.68699e-03   1.69150e-03   1.69573e-03   1.69955e-03   1.70308e-03   1.70649e-03   1.70945e-03   1.71240e-03   1.71501e-03   1.71750e-03   1.71976e-03   1.72185e-03   1.72376e-03   1.72551e-03   1.72701e-03   1.72842e-03   1.72979e-03   1.73092e-03   1.73190e-03   1.73284e-03   1.73370e-03   1.73434e-03   1.73494e-03   1.73546e-03   1.73587e-03   1.73614e-03   1.73635e-03   1.73654e-03   1.73649e-03   1.73654e-03   1.73639e-03   1.73618e-03   1.73587e-03   1.73546e-03   1.73494e-03   1.73434e-03   1.73370e-03   1.73284e-03   1.73190e-03   1.73092e-03   1.72979e-03   1.72842e-03   1.72705e-03   1.72547e-03   1.72376e-03   1.72189e-03   1.71972e-03   1.71754e-03   1.71505e-03   1.71236e-03   1.70952e-03   1.70645e-03   1.70312e-03   1.69955e-03   1.69570e-03   1.69153e-03   1.68699e-03   1.68207e-03   1.67667e-03
  -2.25000e-03   1.89843e-03   1.90444e-03   1.91001e-03   1.91497e-03   1.91959e-03   1.92398e-03   1.92796e-03   1.93160e-03   1.93505e-03   1.93831e-03   1.94124e-03   1.94407e-03   1.94655e-03   1.94891e-03   1.95099e-03   1.95291e-03   1.95475e-03   1.95633e-03   1.95777e-03   1.95905e-03   1.96024e-03   1.96127e-03   1.96209e-03   1.96298e-03   1.96357e-03   1.96418e-03   1.96463e-03   1.96495e-03   1.96525e-03   1.96539e-03   1.96542e-03   1.96539e-03   1.96525e-03   1.96495e-03   1.96463e-03   1.96414e-03   1.96361e-03   1.96298e-03   1.96213e-03   1.96127e-03   1.96024e-03   1.95905e-03   1.95777e-03   1.95633e-03   1.95471e-03   1.95299e-03   1.95103e-03   1.94887e-03   1.94655e-03   1.94403e-03   1.94124e-03   1.93827e-03   1.93517e-03   1.93168e-03   1.92788e-03   1.92394e-03   1.91963e-03   1.91494e-03   1.90998e-03   1.90447e-03   1.89843e-03
  -2.50000e-03   2.12455e-03   2.13118e-03   2.13717e-03   2.14276e-03   2.14782e-03   2.15255e-03   2.15703e-03   2.16113e-03   2.16496e-03   2.16848e-03   2.17176e-03   2.17480e-03   2.17759e-03   2.18013e-03   2.18254e-03   2.18467e-03   2.18663e-03   2.18843e-03   2.18997e-03   2.19148e-03   2.19279e-03   2.19396e-03   2.19489e-03   2.19572e-03   2.19650e-03   2.19713e-03   2.19765e-03   2.19807e-03   2.19828e-03   2.19841e-03   2.19845e-03   2.19841e-03   2.19824e-03   2.19799e-03   2.19765e-03   2.19713e-03   2.19646e-03   2.19572e-03   2.19489e-03   2.19392e-03   2.19271e-03   2.19148e-03   2.19009e-03   2.18843e-03   2.18671e-03   2.18467e-03   2.18254e-03   2.18021e-03   2.17759e-03   2.17479e-03   2.17176e-03   2.16840e-03   2.16492e-03   2.16109e-03   2.15699e-03   2.15262e-03   2.14786e-03   2.14272e-03   2.13721e-03   2.13121e-03   2.12451e-03
  -2.75000e-03   2.35549e-03   2.36277e-03   2.36927e-03   2.37533e-03   2.38078e-03   2.38598e-03   2.39085e-03   2.39528e-03   2.39952e-03   2.40341e-03   2.40700e-03   2.41036e-03   2.41338e-03   2.41617e-03   2.41871e-03   2.42121e-03   2.42337e-03   2.42522e-03   2.42702e-03   2.42860e-03   2.43003e-03   2.43130e-03   2.43235e-03   2.43335e-03   2.43408e-03   2.43480e-03   2.43535e-03   2.43575e-03   2.43613e-03   2.43628e-03   2.43637e-03   2.43628e-03   2.43613e-03   2.43579e-03   2.43535e-03   2.43480e-03   2.43408e-03   2.43335e-03   2.43239e-03   2.43130e-03   2.42999e-03   2.42868e-03   2.42706e-03   2.42526e-03   2.42333e-03   2.42113e-03   2.41879e-03   2.41613e-03   2.41342e-03   2.41036e-03   2.40696e-03   2.40341e-03   2.39948e-03   2.39528e-03   2.39085e-03   2.38602e-03   2.38090e-03   2.37526e-03   2.36927e-03   2.36269e-03   2.35553e-03
  -3.00000e-03   2.59188e-03   2.59966e-03   2.60674e-03   2.61317e-03   2.61919e-03   2.62478e-03   2.62998e-03   2.63481e-03   2.63937e-03   2.64355e-03   2.64747e-03   2.65114e-03   2.65447e-03   2.65751e-03   2.66030e-03   2.66283e-03   2.66520e-03   2.66734e-03   2.66932e-03   2.67100e-03   2.67256e-03   2.67388e-03   2.67504e-03   2.67609e-03   2.67706e-03   2.67775e-03   2.67825e-03   2.67879e-03   2.67916e-03   2.67934e-03   2.67931e-03   2.67934e-03   2.67916e-03   2.67879e-03   2.67833e-03   2.67775e-03   2.67702e-03   2.67609e-03   2.67508e-03   2.67384e-03   2.67252e-03   2.67096e-03   2.66924e-03   2.66730e-03   2.66520e-03   2.66283e-03   2.66026e-03   2.65743e-03   2.65439e-03   2.65110e-03   2.64751e-03   2.64359e-03   2.63937e-03   2.63489e-03   2.62994e-03   2.62478e-03   2.61915e-03   2.61317e-03   2.60662e-03   2.59962e-03   2.59195e-03
  -3.25000e-03   2.83431e-03   2.84247e-03   2.84998e-03   2.85685e-03   2.86330e-03   2.86935e-03   2.87498e-03   2.88008e-03   2.88503e-03   2.88953e-03   2.89378e-03   2.89760e-03   2.90127e-03   2.90456e-03   2.90754e-03   2.91039e-03   2.91285e-03   2.91507e-03   2.91718e-03   2.91909e-03   2.92081e-03   2.92222e-03   2.92353e-03   2.92464e-03   2.92559e-03   2.92641e-03   2.92699e-03   2.92755e-03   2.92792e-03   2.92812e-03   2.92810e-03   2.92812e-03   2.92792e-03   2.92755e-03   2.92699e-03   2.92633e-03   2.92563e-03   2.92459e-03   2.92349e-03   2.92222e-03   2.92077e-03   2.91909e-03   2.91722e-03   2.91515e-03   2.91289e-03   2.91039e-03   2.90758e-03   2.90456e-03   2.90131e-03   2.89760e-03   2.89378e-03   2.88953e-03   2.88499e-03   2.88008e-03   2.87498e-03   2.86931e-03   2.86334e-03   2.85693e-03   2.84998e-03   2.84243e-03   2.83431e-03
  -3.50000e-03   3.08304e-03   3.09174e-03   3.09971e-03   3.10698e-03   3.11386e-03   3.12022e-03   3.12616e-03   3.13180e-03   3.13705e-03   3.14181e-03   3.14635e-03   3.15056e-03   3.15435e-03   3.15788e-03   3.16110e-03   3.16411e-03   3.16680e-03   3.16930e-03   3.17155e-03   3.17357e-03   3.17531e-03   3.17691e-03   3.17824e-03   3.17948e-03   3.18046e-03   3.18133e-03   3.18207e-03   3.18255e-03   3.18297e-03   3.18310e-03   3.18322e-03   3.18310e-03   3.18297e-03   3.18255e-03   3.18207e-03   3.18141e-03   3.18046e-03   3.17948e-03   3.17824e-03   3.17686e-03   3.17531e-03   3.17352e-03   3.17155e-03   3.16930e-03   3.16684e-03   3.16415e-03   3.16114e-03   3.15788e-03   3.15439e-03   3.15052e-03   3.14631e-03   3.14185e-03   3.13701e-03   3.13176e-03   3.12620e-03   3.12018e-03   3.11382e-03   3.10702e-03   3.09971e-03   3.09178e-03   3.08308e-03
  -3.75000e-03   3.33894e-03   3.34800e-03   3.35636e-03   3.36406e-03   3.37126e-03   3.37804e-03   3.38443e-03   3.39031e-03   3.39581e-03   3.40099e-03   3.40572e-03   3.41023e-03   3.41430e-03   3.41815e-03   3.42156e-03   3.42476e-03   3.42756e-03   3.43035e-03   3.43264e-03   3.43480e-03   3.43671e-03   3.43843e-03   3.43992e-03   3.44112e-03   3.44229e-03   3.44317e-03   3.44390e-03   3.44444e-03   3.44485e-03   3.44510e-03   3.44514e-03   3.44510e-03   3.44490e-03   3.44444e-03   3.44390e-03   3.44313e-03   3.44225e-03   3.44112e-03   3.43988e-03   3.43839e-03   3.43671e-03   3.43480e-03   3.43264e-03   3.43027e-03   3.42760e-03   3.42476e-03   3.42156e-03   3.41811e-03   3.41430e-03   3.41023e-03   3.40585e-03   3.40103e-03   3.39581e-03   3.39031e-03   3.38435e-03   3.37804e-03   3.37130e-03   3.36410e-03   3.35636e-03   3.34804e-03   3.33897e-03
  -4.00000e-03   3.60234e-03   3.61186e-03   3.62062e-03   3.62873e-03   3.63623e-03   3.64334e-03   3.65004e-03   3.65631e-03   3.66212e-03   3.66763e-03   3.67259e-03   3.67738e-03   3.68178e-03   3.68573e-03   3.68937e-03   3.69284e-03   3.69587e-03   3.69857e-03   3.70115e-03   3.70345e-03   3.70547e-03   3.70720e-03   3.70884e-03   3.71021e-03   3.71137e-03   3.71238e-03   3.71305e-03   3.71378e-03   3.71406e-03   3.71445e-03   3.71458e-03   3.71441e-03   3.71414e-03   3.71382e-03   3.71309e-03   3.71238e-03   3.71137e-03   3.71021e-03   3.70884e-03   3.70724e-03   3.70547e-03   3.70341e-03   3.70120e-03   3.69870e-03   3.69583e-03   3.69284e-03   3.68941e-03   3.68577e-03   3.68178e-03   3.67738e-03   3.67271e-03   3.66759e-03   3.66212e-03   3.65631e-03   3.65000e-03   3.64342e-03   3.63631e-03   3.62869e-03   3.62058e-03   3.61186e-03   3.60238e-03
  -4.25000e-03   3.87409e-03   3.88379e-03   3.89293e-03   3.90135e-03   3.90928e-03   3.91677e-03   3.92372e-03   3.93033e-03   3.93649e-03   3.94224e-03   3.94757e-03   3.95256e-03   3.95719e-03   3.96141e-03   3.96530e-03   3.96887e-03   3.97210e-03   3.97503e-03   3.97770e-03   3.98009e-03   3.98222e-03   3.98412e-03   3.98582e-03   3.98728e-03   3.98846e-03   3.98956e-03   3.99039e-03   3.99092e-03   3.99145e-03   3.99170e-03   3.99188e-03   3.99170e-03   3.99150e-03   3.99092e-03   3.99035e-03   3.98956e-03   3.98842e-03   3.98728e-03   3.98582e-03   3.98416e-03   3.98231e-03   3.98009e-03   3.97774e-03   3.97503e-03   3.97201e-03   3.96887e-03   3.96526e-03   3.96136e-03   3.95714e-03   3.95256e-03   3.94757e-03   3.94224e-03   3.93649e-03   3.93037e-03   3.92380e-03   3.91677e-03   3.90928e-03   3.90139e-03   3.89285e-03   3.88383e-03   3.87413e-03
  -4.50000e-03   4.15460e-03   4.16464e-03   4.17397e-03   4.18282e-03   4.19105e-03   4.19874e-03   4.20613e-03   4.21298e-03   4.21942e-03   4.22548e-03   4.23114e-03   4.23632e-03   4.24112e-03   4.24556e-03   4.24967e-03   4.25350e-03   4.25687e-03   4.26000e-03   4.26282e-03   4.26540e-03   4.26751e-03   4.26962e-03   4.27143e-03   4.27292e-03   4.27417e-03   4.27532e-03   4.27614e-03   4.27685e-03   4.27729e-03   4.27761e-03   4.27771e-03   4.27761e-03   4.27733e-03   4.27685e-03   4.27618e-03   4.27532e-03   4.27417e-03   4.27288e-03   4.27143e-03   4.26962e-03   4.26755e-03   4.26535e-03   4.26286e-03   4.26000e-03   4.25691e-03   4.25346e-03   4.24972e-03   4.24564e-03   4.24117e-03   4.23636e-03   4.23110e-03   4.22548e-03   4.21942e-03   4.21298e-03   4.20609e-03   4.19882e-03   4.19105e-03   4.18270e-03   4.17397e-03   4.16460e-03   4.15464e-03
  -4.75000e-03   4.44457e-03   4.45484e-03   4.46444e-03   4.47345e-03   4.48203e-03   4.49014e-03   4.49775e-03   4.50486e-03   4.51167e-03   4.51797e-03   4.52387e-03   4.52940e-03   4.53441e-03   4.53906e-03   4.54334e-03   4.54730e-03   4.55093e-03   4.55416e-03   4.55710e-03   4.55972e-03   4.56215e-03   4.56422e-03   4.56613e-03   4.56771e-03   4.56902e-03   4.57017e-03   4.57115e-03   4.57191e-03   4.57235e-03   4.57269e-03   4.57280e-03   4.57269e-03   4.57235e-03   4.57191e-03   4.57115e-03   4.57017e-03   4.56915e-03   4.56767e-03   4.56604e-03   4.56422e-03   4.56215e-03   4.55981e-03   4.55714e-03   4.55416e-03   4.55088e-03   4.54734e-03   4.54338e-03   4.53906e-03   4.53437e-03   4.52940e-03   4.52391e-03   4.51797e-03   4.51162e-03   4.50486e-03   4.49775e-03   4.49014e-03   4.48203e-03   4.47349e-03   4.46440e-03   4.45480e-03   4.44452e-03
  -5.00000e-03   4.74460e-03   4.75498e-03   4.76490e-03   4.77417e-03   4.78295e-03   4.79142e-03   4.79931e-03   4.80674e-03   4.81377e-03   4.82031e-03   4.82647e-03   4.83221e-03   4.83751e-03   4.84232e-03   4.84685e-03   4.85093e-03   4.85469e-03   4.85819e-03   4.86133e-03   4.86399e-03   4.86657e-03   4.86876e-03   4.87074e-03   4.87235e-03   4.87381e-03   4.87505e-03   4.87601e-03   4.87674e-03   4.87722e-03   4.87763e-03   4.87766e-03   4.87763e-03   4.87722e-03   4.87674e-03   4.87597e-03   4.87501e-03   4.87390e-03   4.87235e-03   4.87065e-03   4.86876e-03   4.86661e-03   4.86408e-03   4.86129e-03   4.85819e-03   4.85469e-03   4.85097e-03   4.84689e-03   4.84240e-03   4.83751e-03   4.83212e-03   4.82647e-03   4.82027e-03   4.81377e-03   4.80674e-03   4.79931e-03   4.79133e-03   4.78303e-03   4.77417e-03   4.76490e-03   4.75502e-03   4.74464e-03
# Longitudinally Integrated Squared Transverse Magnetic Field [T2m]
START
                -3.00000e-02  -2.90000e-02  -2.80000e-02  -2.70000e-02  -2.60000e-02  -2.50000e-02  -2.40000e-02  -2.30000e-02  -2.20000e-02  -2.10000e-02  -2.00000e-02  -1.90000e-02  -1.80000e-02  -1.70000e-02  -1.60000e-02  -1.50000e-02  -1.40000e-02  -1.30000e-02  -1.20000e-02  -1.10000e-02  -1.00000e-02  -9.00000e-03  -8.00000e-03  -7.00000e-03  -6.00000e-03  -5.00000e-03  -4.00000e-03  -3.00000e-03  -2.00000e-03  -1.00000e-03   0.00000e+00   1.00000e-03   2.00000e-03   3.00000e-03   4.00000e-03   5.00000e-03   6.00000e-03   7.00000e-03   8.00000e-03   9.00000e-03   1.00000e-02   1.10000e-02   1.20000e-02   1.30000e-02   1.40000e-02   1.50000e-02   1.60000e-02   1.70000e-02   1.80000e-02   1.90000e-02   2.00000e-02   2.10000e-02   2.20000e-02   2.30000e-02   2.40000e-02   2.50000e-02   2.60000e-02   2.70000e-02   2.80000e-02   2.90000e-02   3.00000e-02
   5.00000e-03   8.99936e-01   9.14546e-01   9.27728e-01   9.39614e-01   9.50326e-01   9.59974e-01   9.68658e-01   9.76473e-01   9.83500e-01   9.89817e-01   9.95491e-01   1.00058e+00   1.00515e+00   1.00925e+00   1.01291e+00   1.01619e+00   1.01911e+00   1.02171e+00   1.02402e+00   1.02606e+00   1.02785e+00   1.02942e+00   1.03078e+00   1.03195e+00   1.03294e+00   1.03376e+00   1.03442e+00   1.03492e+00   1.03528e+00   1.03549e+00   1.03556e+00   1.03549e+00   1.03528e+00   1.03492e+00   1.03442e+00   1.03376e+00   1.03294e+00   1.03195e+00   1.03078e+00   1.02942e+00   1.02785e+00   1.02606e+00   1.02402e+00   1.02171e+00   1.01911e+00   1.01619e+00   1.01291e+00   1.00925e+00   1.00515e+00   1.00058e+00   9.95491e-01   9.89817e-01   9.83500e-01   9.76473e-01   9.68658e-01   9.59973e-01   9.50326e-01   9.39614e-01   9.27728e-01   9.14545e-01   8.99936e-01
   4.75000e-03   8.80302e-01   8.94867e-01   9.08008e-01   9.19855e-01   9.30530e-01   9.40142e-01   9.48794e-01   9.56577e-01   9.63575e-01   9.69864e-01   9.75513e-01   9.80583e-01   9.85130e-01   9.89203e-01   9.92849e-01   9.96107e-01   9.99013e-01   1.00160e+00   1.00389e+00   1.00592e+00   1.00771e+00   1.00927e+00   1.01062e+00   1.01178e+00   1.01277e+00   1.01358e+00   1.01423e+00   1.01473e+00   1.01509e+00   1.01530e+00   1.01537e+00   1.01530e+00   1.01509e+00   1.01473e+00   1.01423e+00   1.01358e+00   1.01277e+00   1.01178e+00   1.01062e+00   1.00927e+00   1.00771e+00   1.00592e+00   1.00389e+00   1.00160e+00   9.99013e-01   9.96107e-01   9.92849e-01   9.89203e-01   9.85129e-01   9.80583e-01   9.75513e-01   9.69864e-01   9.63575e-01   9.56577e-01   9.48794e-01   9.40142e-01   9.30530e-01   9.19855e-01   9.08008e-01   8.94867e-01   8.80302e-01
   4.50000e-03   8.61932e-01   8.76454e-01   8.89554e-01   9.01363e-01   9.12002e-01   9.21580e-01   9.30200e-01   9.37953e-01   9.44923e-01   9.51186e-01   9.56810e-01   9.61857e-01   9.66383e-01   9.70437e-01   9.74065e-01   9.77306e-01   9.80197e-01   9.82770e-01   9.85052e-01   9.87070e-01   9.88844e-01   9.90397e-01   9.91743e-01   9.92898e-01   9.93874e-01   9.94683e-01   9.95333e-01   9.95832e-01   9.96184e-01   9.96394e-01   9.96464e-01   9.96394e-01   9.96184e-01   9.95832e-01   9.95333e-01   9.94683e-01   9.93874e-01   9.92898e-01   9.91743e-01   9.90396e-01   9.88844e-01   9.87069e-01   9.85052e-01   9.82769e-01   9.80197e-01   9.77306e-01   9.74065e-01   9.70437e-01   9.66383e-01   9.61857e-01   9.56810e-01   9.51186e-01   9.44923e-01   9.37953e-01   9.30200e-01   9.21580e-01   9.12002e-01   9.01363e-01   8.89554e-01   8.76454e-01   8.61932e-01
   4.25000e-03   8.44783e-01   8.59263e-01   8.72323e-01   8.84096e-01   8.94700e-01   9.04246e-01   9.12835e-01   9.20560e-01   9.27503e-01   9.33741e-01   9.39341e-01   9.44366e-01   9.48872e-01   9.52908e-01   9.56518e-01   9.59744e-01   9.62621e-01   9.65180e-01   9.67451e-01   9.69458e-01   9.71223e-01   9.72767e-01   9.74106e-01   9.75255e-01   9.76226e-01   9.77030e-01   9.77677e-01   9.78172e-01   9.78523e-01   9.78731e-01   9.78801e-01   9.78731e-01   9.78523e-01   9.78172e-01   9.77677e-01   9.77030e-01   9.76226e-01   9.75255e-01   9.74106e-01   9.72767e-01   9.71223e-01   9.69458e-01   9.67451e-01   9.65180e-01   9.62620e-01   9.59744e-01   9.56518e-01   9.52907e-01   9.48872e-01   9.44366e-01   9.39341e-01   9.33740e-01   9.27503e-01   9.20560e-01   9.12835e-01   9.04246e-01   8.94700e-01   8.84096e-01   8.72323e-01   8.59263e-01   8.44783e-01
   4.00000e-03   8.28816e-01   8.43254e-01   8.56277e-01   8.68014e-01   8.78585e-01   8.88100e-01   8.96660e-01   9.04357e-01   9.11275e-01   9.17489e-01   9.23067e-01   9.28071e-01   9.32558e-01   9.36576e-01   9.40170e-01   9.43381e-01   9.46245e-01   9.48792e-01   9.51051e-01   9.53048e-01   9.54805e-01   9.56341e-01   9.57673e-01   9.58816e-01   9.59782e-01   9.60582e-01   9.61225e-01   9.61718e-01   9.62066e-01   9.62274e-01   9.62343e-01   9.62274e-01   9.62066e-01   9.61718e-01   9.61225e-01   9.60582e-01   9.59782e-01   9.58816e-01   9.57673e-01   9.56341e-01   9.54805e-01   9.53048e-01   9.51051e-01   9.48792e-01   9.46244e-01   9.43381e-01   9.40170e-01   9.36576e-01   9.32558e-01   9.28071e-01   9.23067e-01   9.17488e-01   9.11275e-01   9.04357e-01   8.96660e-01   8.88100e-01   8.78585e-01   8.68014e-01   8.56277e-01   8.43254e-01   8.28816e-01
   3.75000e-03   8.13993e-01   8.28392e-01   8.41379e-01   8.53082e-01   8.63621e-01   8.73107e-01   8.81639e-01   8.89310e-01   8.96203e-01   9.02394e-01   9.07951e-01   9.12936e-01   9.17405e-01   9.21406e-01   9.24985e-01   9.28182e-01   9.31033e-01   9.33568e-01   9.35818e-01   9.37805e-01   9.39554e-01   9.41082e-01   9.42407e-01   9.43544e-01   9.44506e-01   9.45302e-01   9.45942e-01   9.46432e-01   9.46779e-01   9.46985e-01   9.47054e-01   9.46985e-01   9.46779e-01   9.46432e-01   9.45942e-01   9.45302e-01   9.44506e-01   9.43544e-01   9.42407e-01   9.41082e-01   9.39553e-01   9.37805e-01   9.35817e-01   9.33568e-01   9.31033e-01   9.28182e-01   9.24985e-01   9.21406e-01   9.17405e-01   9.12936e-01   9.07951e-01   9.02394e-01   8.96203e-01   8.89310e-01   8.81639e-01   8.73106e-01   8.63621e-01   8.53082e-01   8.41379e-01   8.28392e-01   8.13993e-01
   3.50000e-03   8.00281e-01   8.14642e-01   8.27593e-01   8.39264e-01   8.49774e-01   8.59231e-01   8.67737e-01   8.75383e-01   8.82254e-01   8.88423e-01   8.93961e-01   8.98928e-01   9.03379e-01   9.07365e-01   9.10930e-01   9.14114e-01   9.16952e-01   9.19477e-01   9.21716e-01   9.23695e-01   9.25435e-01   9.26957e-01   9.28276e-01   9.29408e-01   9.30365e-01   9.31157e-01   9.31794e-01   9.32282e-01   9.32627e-01   9.32832e-01   9.32900e-01   9.32832e-01   9.32627e-01   9.32282e-01   9.31794e-01   9.31157e-01   9.30365e-01   9.29408e-01   9.28276e-01   9.26957e-01   9.25435e-01   9.23695e-01   9.21716e-01   9.19477e-01   9.16952e-01   9.14113e-01   9.10930e-01   9.07365e-01   9.03379e-01   8.98927e-01   8.93961e-01   8.88423e-01   8.82254e-01   8.75383e-01   8.67737e-01   8.59231e-01   8.49774e-01   8.39264e-01   8.27593e-01   8.14642e-01   8.00281e-01
   3.25000e-03   7.87647e-01   8.01972e-01   8.14890e-01   8.26531e-01   8.37012e-01   8.46443e-01   8.54924e-01   8.62548e-01   8.69396e-01   8.75546e-01   8.81065e-01   8.86014e-01   8.90450e-01   8.94421e-01   8.97972e-01   9.01144e-01   9.03971e-01   9.06486e-01   9.08716e-01   9.10687e-01   9.12420e-01   9.13935e-01   9.15248e-01   9.16375e-01   9.17328e-01   9.18117e-01   9.18750e-01   9.19236e-01   9.19580e-01   9.19784e-01   9.19852e-01   9.19784e-01   9.19580e-01   9.19236e-01   9.18750e-01   9.18117e-01   9.17328e-01   9.16375e-01   9.15248e-01   9.13935e-01   9.12420e-01   9.10687e-01   9.08716e-01   9.06486e-01   9.03971e-01   9.01144e-01   8.97972e-01   8.94421e-01   8.90450e-01   8.86014e-01   8.81065e-01   8.75546e-01   8.69396e-01   8.62548e-01   8.54924e-01   8.46443e-01   8.37012e-01   8.26531e-01   8.14890e-01   8.01972e-01   7.87647e-01
   3.00000e-03   7.76062e-01   7.90353e-01   8.03241e-01   8.14853e-01   8.25307e-01   8.34713e-01   8.43172e-01   8.50773e-01   8.57602e-01   8.63733e-01   8.69235e-01   8.74168e-01   8.78589e-01   8.82546e-01   8.86085e-01   8.89246e-01   8.92062e-01   8.94568e-01   8.96789e-01   8.98752e-01   9.00479e-01   9.01987e-01   9.03296e-01   9.04418e-01   9.05367e-01   9.06152e-01   9.06783e-01   9.07267e-01   9.07609e-01   9.07813e-01   9.07880e-01   9.07813e-01   9.07609e-01   9.07267e-01   9.06783e-01   9.06152e-01   9.05366e-01   9.04418e-01   9.03296e-01   9.01987e-01   9.00478e-01   8.98752e-01   8.96789e-01   8.94567e-01   8.92062e-01   8.89245e-01   8.86085e-01   8.82546e-01   8.78589e-01   8.74168e-01   8.69234e-01   8.63733e-01   8.57602e-01   8.50773e-01   8.43172e-01   8.34713e-01   8.25307e-01   8.14853e-01   8.03241e-01   7.90353e-01   7.76062e-01
   2.75000e-03   7.65500e-01   7.79759e-01   7.92618e-01   8.04203e-01   8.14633e-01   8.24016e-01   8.32453e-01   8.40035e-01   8.46845e-01   8.52959e-01   8.58444e-01   8.63363e-01   8.67770e-01   8.71715e-01   8.75242e-01   8.78392e-01   8.81199e-01   8.83696e-01   8.85910e-01   8.87866e-01   8.89586e-01   8.91089e-01   8.92392e-01   8.93510e-01   8.94455e-01   8.95238e-01   8.95867e-01   8.96348e-01   8.96689e-01   8.96892e-01   8.96959e-01   8.96892e-01   8.96689e-01   8.96348e-01   8.95866e-01   8.95238e-01   8.94455e-01   8.93510e-01   8.92392e-01   8.91089e-01   8.89585e-01   8.87865e-01   8.85909e-01   8.83696e-01   8.81199e-01   8.78392e-01   8.75242e-01   8.71715e-01   8.67770e-01   8.63363e-01   8.58444e-01   8.52959e-01   8.46845e-01   8.40035e-01   8.32453e-01   8.24016e-01   8.14633e-01   8.04203e-01   7.92618e-01   7.79759e-01   7.65500e-01
   2.50000e-03   7.55936e-01   7.70166e-01   7.82998e-01   7.94558e-01   8.04965e-01   8.14327e-01   8.22745e-01   8.30308e-01   8.37101e-01   8.43199e-01   8.48670e-01   8.53575e-01   8.57969e-01   8.61903e-01   8.65420e-01   8.68560e-01   8.71358e-01   8.73847e-01   8.76053e-01   8.78003e-01   8.79717e-01   8.81215e-01   8.82514e-01   8.83628e-01   8.84570e-01   8.85350e-01   8.85976e-01   8.86457e-01   8.86796e-01   8.86998e-01   8.87065e-01   8.86998e-01   8.86796e-01   8.86457e-01   8.85976e-01   8.85350e-01   8.84570e-01   8.83628e-01   8.82514e-01   8.81215e-01   8.79717e-01   8.78003e-01   8.76053e-01   8.73847e-01   8.71358e-01   8.68560e-01   8.65420e-01   8.61903e-01   8.57969e-01   8.53575e-01   8.48670e-01   8.43199e-01   8.37101e-01   8.30308e-01   8.22744e-01   8.14327e-01   8.04965e-01   7.94558e-01   7.82998e-01   7.70166e-01   7.55936e-01
   2.25000e-03   7.47348e-01   7.61551e-01   7.74358e-01   7.85897e-01   7.96283e-01   8.05625e-01   8.14025e-01   8.21571e-01   8.28349e-01   8.34432e-01   8.39890e-01   8.44783e-01   8.49166e-01   8.53089e-01   8.56596e-01   8.59727e-01   8.62518e-01   8.64999e-01   8.67199e-01   8.69143e-01   8.70852e-01   8.72345e-01   8.73640e-01   8.74751e-01   8.75689e-01   8.76467e-01   8.77091e-01   8.77570e-01   8.77908e-01   8.78110e-01   8.78177e-01   8.78110e-01   8.77908e-01   8.77570e-01   8.77091e-01   8.76467e-01   8.75689e-01   8.74751e-01   8.73640e-01   8.72345e-01   8.70852e-01   8.69143e-01   8.67199e-01   8.64999e-01   8.62518e-01   8.59727e-01   8.56596e-01   8.53089e-01   8.49165e-01   8.44782e-01   8.39890e-01   8.34432e-01   8.28349e-01   8.21571e-01   8.14024e-01   8.05625e-01   7.96283e-01   7.85896e-01   7.74358e-01   7.61551e-01   7.47348e-01
   2.00000e-03   7.39717e-01   7.53895e-01   7.66680e-01   7.78198e-01   7.88565e-01   7.97891e-01   8.06274e-01   8.13805e-01   8.20569e-01   8.26640e-01   8.32085e-01   8.36967e-01   8.41340e-01   8.45253e-01   8.48752e-01   8.51875e-01   8.54659e-01   8.57133e-01   8.59328e-01   8.61266e-01   8.62970e-01   8.64460e-01   8.65751e-01   8.66859e-01   8.67794e-01   8.68570e-01   8.69192e-01   8.69670e-01   8.70007e-01   8.70208e-01   8.70274e-01   8.70208e-01   8.70007e-01   8.69670e-01   8.69192e-01   8.68570e-01   8.67794e-01   8.66858e-01   8.65751e-01   8.64460e-01   8.62970e-01   8.61266e-01   8.59328e-01   8.57133e-01   8.54659e-01   8.51875e-01   8.48752e-01   8.45253e-01   8.41339e-01   8.36966e-01   8.32085e-01   8.26639e-01   8.20569e-01   8.13805e-01   8.06274e-01   7.97891e-01   7.88565e-01   7.78198e-01   7.66680e-01   7.53895e-01   7.39717e-01
   1.75000e-03   7.33025e-01   7.47181e-01   7.59946e-01   7.71446e-01   7.81796e-01   7.91106e-01   7.99475e-01   8.06993e-01   8.13745e-01   8.19803e-01   8.25238e-01   8.30110e-01   8.34474e-01   8.38379e-01   8.41870e-01   8.44987e-01   8.47764e-01   8.50233e-01   8.52422e-01   8.54356e-01   8.56056e-01   8.57542e-01   8.58830e-01   8.59934e-01   8.60868e-01   8.61641e-01   8.62262e-01   8.62738e-01   8.63075e-01   8.63275e-01   8.63341e-01   8.63275e-01   8.63075e-01   8.62738e-01   8.62262e-01   8.61641e-01   8.60868e-01   8.59934e-01   8.58830e-01   8.57542e-01   8.56056e-01   8.54356e-01   8.52422e-01   8.50233e-01   8.47764e-01   8.44987e-01   8.41870e-01   8.38379e-01   8.34474e-01   8.30110e-01   8.25238e-01   8.19803e-01   8.13744e-01   8.06993e-01   7.99475e-01   7.91106e-01   7.81796e-01   7.71446e-01   7.59946e-01   7.47180e-01   7.33024e-01
   1.50000e-03   7.27255e-01   7.41392e-01   7.54140e-01   7.65624e-01   7.75960e-01   7.85256e-01   7.93613e-01   8.01120e-01   8.07860e-01   8.13909e-01   8.19335e-01   8.24198e-01   8.28554e-01   8.32452e-01   8.35936e-01   8.39047e-01   8.41818e-01   8.44282e-01   8.46467e-01   8.48397e-01   8.50093e-01   8.51576e-01   8.52861e-01   8.53963e-01   8.54895e-01   8.55666e-01   8.56286e-01   8.56761e-01   8.57097e-01   8.57297e-01   8.57363e-01   8.57297e-01   8.57097e-01   8.56761e-01   8.56286e-01   8.55666e-01   8.54895e-01   8.53963e-01   8.52861e-01   8.51576e-01   8.50093e-01   8.48397e-01   8.46467e-01   8.44282e-01   8.41818e-01   8.39047e-01   8.35936e-01   8.32452e-01   8.28554e-01   8.24198e-01   8.19334e-01   8.13909e-01   8.07860e-01   8.01119e-01   7.93613e-01   7.85256e-01   7.75960e-01   7.65624e-01   7.54140e-01   7.41392e-01   7.27255e-01
   1.25000e-03   7.22396e-01   7.36516e-01   7.49250e-01   7.60720e-01   7.71044e-01   7.80329e-01   7.88674e-01   7.96171e-01   8.02903e-01   8.08943e-01   8.14361e-01   8.19217e-01   8.23566e-01   8.27458e-01   8.30937e-01   8.34042e-01   8.36809e-01   8.39269e-01   8.41450e-01   8.43376e-01   8.45070e-01   8.46550e-01   8.47833e-01   8.48933e-01   8.49863e-01   8.50633e-01   8.51251e-01   8.51725e-01   8.52060e-01   8.52260e-01   8.52326e-01   8.52260e-01   8.52060e-01   8.51725e-01   8.51251e-01   8.50633e-01   8.49863e-01   8.48933e-01   8.47833e-01   8.46550e-01   8.45070e-01   8.43376e-01   8.41450e-01   8.39269e-01   8.36809e-01   8.34042e-01   8.30937e-01   8.27458e-01   8.23566e-01   8.19217e-01   8.14361e-01   8.08943e-01   8.02902e-01   7.96171e-01   7.88674e-01   7.80329e-01   7.71044e-01   7.60720e-01   7.49250e-01   7.36516e-01   7.22396e-01
   1.00000e-03   7.18435e-01   7.32542e-01   7.45263e-01   7.56723e-01   7.67036e-01   7.76312e-01   7.84649e-01   7.92138e-01   7.98861e-01   8.04895e-01   8.10306e-01   8.15156e-01   8.19500e-01   8.23387e-01   8.26862e-01   8.29963e-01   8.32726e-01   8.35182e-01   8.37360e-01   8.39283e-01   8.40974e-01   8.42452e-01   8.43733e-01   8.44831e-01   8.45760e-01   8.46529e-01   8.47146e-01   8.47620e-01   8.47954e-01   8.48153e-01   8.48219e-01   8.48153e-01   8.47954e-01   8.47620e-01   8.47146e-01   8.46529e-01   8.45760e-01   8.44831e-01   8.43733e-01   8.42452e-01   8.40974e-01   8.39283e-01   8.37360e-01   8.35182e-01   8.32726e-01   8.29962e-01   8.26861e-01   8.23387e-01   8.19500e-01   8.15156e-01   8.10306e-01   8.04895e-01   7.98861e-01   7.92137e-01   7.84649e-01   7.76312e-01   7.67036e-01   7.56723e-01   7.45263e-01   7.32542e-01   7.18435e-01
   7.50000e-04   7.15364e-01   7.29461e-01   7.42172e-01   7.53623e-01   7.63929e-01   7.73197e-01   7.81527e-01   7.89009e-01   7.95727e-01   8.01756e-01   8.07162e-01   8.12007e-01   8.16347e-01   8.20230e-01   8.23701e-01   8.26799e-01   8.29559e-01   8.32012e-01   8.34188e-01   8.36109e-01   8.37798e-01   8.39274e-01   8.40554e-01   8.41651e-01   8.42578e-01   8.43346e-01   8.43963e-01   8.44435e-01   8.44769e-01   8.44968e-01   8.45034e-01   8.44968e-01   8.44769e-01   8.44435e-01   8.43963e-01   8.43346e-01   8.42578e-01   8.41651e-01   8.40554e-01   8.39274e-01   8.37798e-01   8.36109e-01   8.34188e-01   8.32012e-01   8.29559e-01   8.26798e-01   8.23701e-01   8.20230e-01   8.16347e-01   8.12007e-01   8.07162e-01   8.01755e-01   7.95727e-01   7.89009e-01   7.81527e-01   7.73197e-01   7.63929e-01   7.53623e-01   7.42172e-01   7.29461e-01   7.15364e-01
   5.00000e-04   7.13176e-01   7.27264e-01   7.39969e-01   7.51414e-01   7.61714e-01   7.70977e-01   7.79302e-01   7.86780e-01   7.93494e-01   7.99518e-01   8.04921e-01   8.09763e-01   8.14100e-01   8.17980e-01   8.21448e-01   8.24543e-01   8.27301e-01   8.29753e-01   8.31927e-01   8.33847e-01   8.35534e-01   8.37009e-01   8.38287e-01   8.39384e-01   8.40310e-01   8.41077e-01   8.41694e-01   8.42166e-01   8.42500e-01   8.42698e-01   8.42764e-01   8.42698e-01   8.42500e-01   8.42166e-01   8.41694e-01   8.41077e-01   8.40310e-01   8.39384e-01   8.38287e-01   8.37009e-01   8.35534e-01   8.33847e-01   8.31927e-01   8.29753e-01   8.27301e-01   8.24543e-01   8.21448e-01   8.17980e-01   8.14099e-01   8.09763e-01   8.04921e-01   7.99518e-01   7.93494e-01   7.86780e-01   7.79302e-01   7.70977e-01   7.61714e-01   7.51414e-01   7.39969e-01   7.27264e-01   7.13175e-01
   2.50000e-04   7.11864e-01   7.25949e-01   7.38650e-01   7.50090e-01   7.60387e-01   7.69647e-01   7.77969e-01   7.85444e-01   7.92156e-01   7.98178e-01   8.03578e-01   8.08418e-01   8.12753e-01   8.16632e-01   8.20098e-01   8.23192e-01   8.25949e-01   8.28400e-01   8.30572e-01   8.32491e-01   8.34178e-01   8.35652e-01   8.36930e-01   8.38025e-01   8.38951e-01   8.39718e-01   8.40334e-01   8.40806e-01   8.41140e-01   8.41338e-01   8.41404e-01   8.41338e-01   8.41140e-01   8.40806e-01   8.40334e-01   8.39718e-01   8.38951e-01   8.38025e-01   8.36930e-01   8.35652e-01   8.34178e-01   8.32491e-01   8.30572e-01   8.28400e-01   8.25949e-01   8.23192e-01   8.20098e-01   8.16632e-01   8.12753e-01   8.08418e-01   8.03578e-01   7.98177e-01   7.92155e-01   7.85444e-01   7.77969e-01   7.69647e-01   7.60387e-01   7.50090e-01   7.38650e-01   7.25949e-01   7.11864e-01
   0.00000e+00   7.11428e-01   7.25511e-01   7.38210e-01   7.49650e-01   7.59945e-01   7.69204e-01   7.77525e-01   7.84999e-01   7.91710e-01   7.97731e-01   8.03131e-01   8.07970e-01   8.12304e-01   8.16183e-01   8.19649e-01   8.22742e-01   8.25499e-01   8.27949e-01   8.30121e-01   8.32040e-01   8.33726e-01   8.35200e-01   8.36478e-01   8.37573e-01   8.38499e-01   8.39265e-01   8.39881e-01   8.40353e-01   8.40687e-01   8.40885e-01   8.40951e-01   8.40885e-01   8.40687e-01   8.40353e-01   8.39881e-01   8.39265e-01   8.38499e-01   8.37573e-01   8.36477e-01   8.35200e-01   8.33726e-01   8.32040e-01   8.30121e-01   8.27949e-01   8.25499e-01   8.22742e-01   8.19649e-01   8.16182e-01   8.12304e-01   8.07970e-01   8.03131e-01   7.97731e-01   7.91710e-01   7.84999e-01   7.77525e-01   7.69204e-01   7.59945e-01   7.49650e-01   7.38210e-01   7.25510e-01   7.11428e-01
  -2.50000e-04   7.11864e-01   7.25949e-01   7.38650e-01   7.50090e-01   7.60387e-01   7.69647e-01   7.77969e-01   7.85444e-01   7.92156e-01   7.98178e-01   8.03578e-01   8.08418e-01   8.12753e-01   8.16632e-01   8.20098e-01   8.23192e-01   8.25949e-01   8.28400e-01   8.30572e-01   8.32491e-01   8.34178e-01   8.35652e-01   8.36930e-01   8.38025e-01   8.38951e-01   8.39718e-01   8.40334e-01   8.40806e-01   8.41140e-01   8.41338e-01   8.41404e-01   8.41338e-01   8.41140e-01   8.40806e-01   8.40334e-01   8.39718e-01   8.38951e-01   8.38025e-01   8.36930e-01   8.35652e-01   8.34178e-01   8.32491e-01   8.30572e-01   8.28400e-01   8.25949e-01   8.23192e-01   8.20098e-01   8.16632e-01   8.12753e-01   8.08418e-01   8.03578e-01   7.98177e-01   7.92155e-01   7.85444e-01   7.77969e-01   7.69647e-01   7.60387e-01   7.50090e-01   7.38650e-01   7.25949e-01   7.11864e-01
  -5.00000e-04   7.13176e-01   7.27264e-01   7.39969e-01   7.51414e-01   7.61714e-01   7.70977e-01   7.79302e-01   7.86780e-01   7.93494e-01   7.99518e-01   8.04921e-01   8.09763e-01   8.14100e-01   8.17980e-01   8.21448e-01   8.24543e-01   8.27301e-01   8.29753e-01   8.31927e-01   8.33847e-01   8.35534e-01   8.37009e-01   8.38287e-01   8.39384e-01   8.40310e-01   8.41077e-01   8.41694e-01   8.42166e-01   8.42500e-01   8.42698e-01   8.42764e-01   8.42698e-01   8.42500e-01   8.42166e-01   8.41694e-01   8.41077e-01   8.40310e-01   8.39384e-01   8.38287e-01   8.37009e-01   8.35534e-01   8.33847e-01   8.31927e-01   8.29753e-01   8.27301e-01   8.24543e-01   8.21448e-01   8.17980e-01   8.14099e-01   8.09763e-01   8.04921e-01   7.99518e-01   7.93494e-01   7.86780e-01   7.79302e-01   7.70977e-01   7.61714e-01   7.51414e-01   7.39969e-01   7.27264e-01   7.13175e-01
  -7.50000e-04   7.15364e-01   7.29461e-01   7.42172e-01   7.53623e-01   7.63929e-01   7.73197e-01   7.81527e-01   7.89009e-01   7.95727e-01   8.01756e-01   8.07162e-01   8.12007e-01   8.16347e-01   8.20230e-01   8.23701e-01   8.26799e-01   8.29559e-01   8.32012e-01   8.34188e-01   8.36109e-01   8.37798e-01   8.39274e-01   8.40554e-01   8.41651e-01   8.42578e-01   8.43346e-01   8.43963e-01   8.44435e-01   8.44769e-01   8.44968e-01   8.45034e-01   8.44968e-01   8.44769e-01   8.44435e-01   8.43963e-01   8.43346e-01   8.42578e-01   8.41651e-01   8.40554e-01   8.39274e-01   8.37798e-01   8.36109e-01   8.34188e-01   8.32012e-01   8.29559e-01   8.26798e-01   8.23701e-01   8.20230e-01   8.16347e-01   8.12007e-01   8.07162e-01   8.01755e-01   7.95727e-01   7.89009e-01   7.81527e-01   7.73197e-01   7.63929e-01   7.53623e-01   7.42172e-01   7.29461e-01   7.15364e-01
  -1.00000e-03   7.18435e-01   7.32542e-01   7.45263e-01   7.56723e-01   7.67036e-01   7.76312e-01   7.84649e-01   7.92138e-01   7.98861e-01   8.04895e-01   8.10306e-01   8.15156e-01   8.19500e-01   8.23387e-01   8.26862e-01   8.29963e-01   8.32726e-01   8.35182e-01   8.37360e-01   8.39283e-01   8.40974e-01   8.42452e-01   8.43733e-01   8.44831e-01   8.45760e-01   8.46529e-01   8.47146e-01   8.47620e-01   8.47954e-01   8.48153e-01   8.48219e-01   8.48153e-01   8.47954e-01   8.47620e-01   8.47146e-01   8.46529e-01   8.45760e-01   8.44831e-01   8.43733e-01   8.42452e-01   8.40974e-01   8.39283e-01   8.37360e-01   8.35182e-01   8.32726e-01   8.29962e-01   8.26861e-01   8.23387e-01   8.19500e-01   8.15156e-01   8.10306e-01   8.04895e-01   7.98861e-01   7.92137e-01   7.84649e-01   7.76312e-01   7.67036e-01   7.56723e-01   7.45263e-01   7.32542e-01   7.18435e-01
  -1.25000e-03   7.22396e-01   7.36516e-01   7.49250e-01   7.60720e-01   7.71044e-01   7.80329e-01   7.88674e-01   7.96171e-01   8.02903e-01   8.08943e-01   8.14361e-01   8.19217e-01   8.23566e-01   8.27458e-01   8.30937e-01   8.34042e-01   8.36809e-01   8.39269e-01   8.41450e-01   8.43376e-01   8.45070e-01   8.46550e-01   8.47833e-01   8.48933e-01   8.49863e-01   8.50633e-01   8.51251e-01   8.51725e-01   8.52060e-01   8.52260e-01   8.52326e-01   8.52260e-01   8.52060e-01   8.51725e-01   8.51251e-01   8.50633e-01   8.49863e-01   8.48933e-01   8.47833e-01   8.46550e-01   8.45070e-01   8.43376e-01   8.41450e-01   8.39269e-01   8.36809e-01   8.34042e-01   8.30937e-01   8.27458e-01   8.23566e-01   8.19217e-01   8.14361e-01   8.08943e-01   8.02902e-01   7.96171e-01   7.88674e-01   7.80329e-01   7.71044e-01   7.60720e-01   7.49250e-01   7.36516e-01   7.22396e-01
  -1.50000e-03   7.27255e-01   7.41392e-01   7.54140e-01   7.65624e-01   7.75960e-01   7.85256e-01   7.93613e-01   8.01120e-01   8.07860e-01   8.13909e-01   8.19335e-01   8.24198e-01   8.28554e-01   8.32452e-01   8.35936e-01   8.39047e-01   8.41818e-01   8.44282e-01   8.46467e-01   8.48397e-01   8.50093e-01   8.51576e-01   8.52861e-01   8.53963e-01   8.54895e-01   8.55666e-01   8.56286e-01   8.56761e-01   8.57097e-01   8.57297e-01   8.57363e-01   8.57297e-01   8.57097e-01   8.56761e-01   8.56286e-01   8.55666e-01   8.54895e-01   8.53963e-01   8.52861e-01   8.51576e-01   8.50093e-01   8.48397e-01   8.46467e-01   8.44282e-01   8.41818e-01   8.39047e-01   8.35936e-01   8.32452e-01   8.28554e-01   8.24198e-01   8.19334e-01   8.13909e-01   8.07860e-01   8.01119e-01   7.93613e-01   7.85256e-01   7.75960e-01   7.65624e-01   7.54140e-01   7.41392e-01   7.27255e-01
  -1.75000e-03   7.33025e-01   7.47181e-01   7.59946e-01   7.71446e-01   7.81796e-01   7.91106e-01   7.99475e-01   8.06993e-01   8.13745e-01   8.19803e-01   8.25238e-01   8.30110e-01   8.34474e-01   8.38379e-01   8.41870e-01   8.44987e-01   8.47764e-01   8.50233e-01   8.52422e-01   8.54356e-01   8.56056e-01   8.57542e-01   8.58830e-01   8.59934e-01   8.60868e-01   8.61641e-01   8.62262e-01   8.62738e-01   8.63075e-01   8.63275e-01   8.63341e-01   8.63275e-01   8.63075e-01   8.62738e-01   8.62262e-01   8.61641e-01   8.60868e-01   8.59934e-01   8.58830e-01   8.57542e-01   8.56056e-01   8.54356e-01   8.52422e-01   8.50233e-01   8.47764e-01   8.44987e-01   8.41870e-01   8.38379e-01   8.34474e-01   8.30110e-01   8.25238e-01   8.19803e-01   8.13744e-01   8.06993e-01   7.99475e-01   7.91106e-01   7.81796e-01   7.71446e-01   7.59946e-01   7.47180e-01   7.33024e-01
  -2.00000e-03   7.39717e-01   7.53895e-01   7.66680e-01   7.78198e-01   7.88565e-01   7.97891e-01   8.06274e-01   8.13805e-01   8.20569e-01   8.26640e-01   8.32085e-01   8.36967e-01   8.41340e-01   8.45253e-01   8.48752e-01   8.51875e-01   8.54659e-01   8.57133e-01   8.59328e-01   8.61266e-01   8.62970e-01   8.64460e-01   8.65751e-01   8.66859e-01   8.67794e-01   8.68570e-01   8.69192e-01   8.69670e-01   8.70007e-01   8.70208e-01   8.70274e-01   8.70208e-01   8.70007e-01   8.69670e-01   8.69192e-01   8.68570e-01   8.67794e-01   8.66858e-01   8.65751e-01   8.64460e-01   8.62970e-01   8.61266e-01   8.59328e-01   8.57133e-01   8.54659e-01   8.51875e-01   8.48752e-01   8.45253e-01   8.41339e-01   8.36966e-01   8.32085e-01   8.26639e-01   8.20569e-01   8.13805e-01   8.06274e-01   7.97891e-01   7.88565e-01   7.78198e-01   7.66680e-01   7.53895e-01   7.39717e-01
  -2.25000e-03   7.47348e-01   7.61551e-01   7.74358e-01   7.85897e-01   7.96283e-01   8.05625e-01   8.14025e-01   8.21571e-01   8.28349e-01   8.34432e-01   8.39890e-01   8.44783e-01   8.49166e-01   8.53089e-01   8.56596e-01   8.59727e-01   8.62518e-01   8.64999e-01   8.67199e-01   8.69143e-01   8.70852e-01   8.72345e-01   8.73640e-01   8.74751e-01   8.75689e-01   8.76467e-01   8.77091e-01   8.77570e-01   8.77908e-01   8.78110e-01   8.78177e-01   8.78110e-01   8.77908e-01   8.77570e-01   8.77091e-01   8.76467e-01   8.75689e-01   8.74751e-01   8.73640e-01   8.72345e-01   8.70852e-01   8.69143e-01   8.67199e-01   8.64999e-01   8.62518e-01   8.59727e-01   8.56596e-01   8.53089e-01   8.49165e-01   8.44782e-01   8.39890e-01   8.34432e-01   8.28349e-01   8.21571e-01   8.14024e-01   8.05625e-01   7.96283e-01   7.85896e-01   7.74358e-01   7.61551e-01   7.47348e-01
  -2.50000e-03   7.55936e-01   7.70166e-01   7.82998e-01   7.94558e-01   8.04965e-01   8.14327e-01   8.22745e-01   8.30308e-01   8.37101e-01   8.43199e-01   8.48670e-01   8.53575e-01   8.57969e-01   8.61903e-01   8.65420e-01   8.68560e-01   8.71358e-01   8.73847e-01   8.76053e-01   8.78003e-01   8.79717e-01   8.81215e-01   8.82514e-01   8.83628e-01   8.84570e-01   8.85350e-01   8.85976e-01   8.86457e-01   8.86796e-01   8.86998e-01   8.87065e-01   8.86998e-01   8.86796e-01   8.86457e-01   8.85976e-01   8.85350e-01   8.84570e-01   8.83628e-01   8.82514e-01   8.81215e-01   8.79717e-01   8.78003e-01   8.76053e-01   8.73847e-01   8.71358e-01   8.68560e-01   8.65420e-01   8.61903e-01   8.57969e-01   8.53575e-01   8.48670e-01   8.43199e-01   8.37101e-01   8.30308e-01   8.22744e-01   8.14327e-01   8.04965e-01   7.94558e-01   7.82998e-01   7.70166e-01   7.55936e-01
  -2.75000e-03   7.65500e-01   7.79759e-01   7.92618e-01   8.04203e-01   8.14633e-01   8.24016e-01   8.32453e-01   8.40035e-01   8.46845e-01   8.52959e-01   8.58444e-01   8.63363e-01   8.67770e-01   8.71715e-01   8.75242e-01   8.78392e-01   8.81199e-01   8.83696e-01   8.85910e-01   8.87866e-01   8.89586e-01   8.91089e-01   8.92392e-01   8.93510e-01   8.94455e-01   8.95238e-01   8.95867e-01   8.96348e-01   8.96689e-01   8.96892e-01   8.96959e-01   8.96892e-01   8.96689e-01   8.96348e-01   8.95866e-01   8.95238e-01   8.94455e-01   8.93510e-01   8.92392e-01   8.91089e-01   8.89585e-01   8.87865e-01   8.85909e-01   8.83696e-01   8.81199e-01   8.78392e-01   8.75242e-01   8.71715e-01   8.67770e-01   8.63363e-01   8.58444e-01   8.52959e-01   8.46845e-01   8.40035e-01   8.32453e-01   8.24016e-01   8.14633e-01   8.04203e-01   7.92618e-01   7.79759e-01   7.65500e-01
  -3.00000e-03   7.76062e-01   7.90353e-01   8.03241e-01   8.14853e-01   8.25307e-01   8.34713e-01   8.43172e-01   8.50773e-01   8.57602e-01   8.63733e-01   8.69235e-01   8.74168e-01   8.78589e-01   8.82546e-01   8.86085e-01   8.89246e-01   8.92062e-01   8.94568e-01   8.96789e-01   8.98752e-01   9.00479e-01   9.01987e-01   9.03296e-01   9.04418e-01   9.05367e-01   9.06152e-01   9.06783e-01   9.07267e-01   9.07609e-01   9.07813e-01   9.07880e-01   9.07813e-01   9.07609e-01   9.07267e-01   9.06783e-01   9.06152e-01   9.05366e-01   9.04418e-01   9.03296e-01   9.01987e-01   9.00478e-01   8.98752e-01   8.96789e-01   8.94567e-01   8.92062e-01   8.89245e-01   8.86085e-01   8.82546e-01   8.78589e-01   8.74168e-01   8.69234e-01   8.63733e-01   8.57602e-01   8.50773e-01   8.43172e-01   8.34713e-01   8.25307e-01   8.14853e-01   8.03241e-01   7.90353e-01   7.76062e-01
  -3.25000e-03   7.87647e-01   8.01972e-01   8.14890e-01   8.26531e-01   8.37012e-01   8.46443e-01   8.54924e-01   8.62548e-01   8.69396e-01   8.75546e-01   8.81065e-01   8.86014e-01   8.90450e-01   8.94421e-01   8.97972e-01   9.01144e-01   9.03971e-01   9.06486e-01   9.08716e-01   9.10687e-01   9.12420e-01   9.13935e-01   9.15248e-01   9.16375e-01   9.17328e-01   9.18117e-01   9.18750e-01   9.19236e-01   9.19580e-01   9.19784e-01   9.19852e-01   9.19784e-01   9.19580e-01   9.19236e-01   9.18750e-01   9.18117e-01   9.17328e-01   9.16375e-01   9.15248e-01   9.13935e-01   9.12420e-01   9.10687e-01   9.08716e-01   9.06486e-01   9.03971e-01   9.01144e-01   8.97972e-01   8.94421e-01   8.90450e-01   8.86014e-01   8.81065e-01   8.75546e-01   8.69396e-01   8.62548e-01   8.54924e-01   8.46443e-01   8.37012e-01   8.26531e-01   8.14890e-01   8.01972e-01   7.87647e-01
  -3.50000e-03   8.00281e-01   8.14642e-01   8.27593e-01   8.39264e-01   8.49774e-01   8.59231e-01   8.67737e-01   8.75383e-01   8.82254e-01   8.88423e-01   8.93961e-01   8.98928e-01   9.03379e-01   9.07365e-01   9.10930e-01   9.14114e-01   9.16952e-01   9.19477e-01   9.21716e-01   9.23695e-01   9.25435e-01   9.26957e-01   9.28276e-01   9.29408e-01   9.30365e-01   9.31157e-01   9.31794e-01   9.32282e-01   9.32627e-01   9.32832e-01   9.32900e-01   9.32832e-01   9.32627e-01   9.32282e-01   9.31794e-01   9.31157e-01   9.30365e-01   9.29408e-01   9.28276e-01   9.26957e-01   9.25435e-01   9.23695e-01   9.21716e-01   9.19477e-01   9.16952e-01   9.14113e-01   9.10930e-01   9.07365e-01   9.03379e-01   8.98927e-01   8.93961e-01   8.88423e-01   8.82254e-01   8.75383e-01   8.67737e-01   8.59231e-01   8.49774e-01   8.39264e-01   8.27593e-01   8.14642e-01   8.00281e-01
  -3.75000e-03   8.13993e-01   8.28392e-01   8.41379e-01   8.53082e-01   8.63621e-01   8.73107e-01   8.81639e-01   8.89310e-01   8.96203e-01   9.02394e-01   9.07951e-01   9.12936e-01   9.17405e-01   9.21406e-01   9.24985e-01   9.28182e-01   9.31033e-01   9.33568e-01   9.35818e-01   9.37805e-01   9.39554e-01   9.41082e-01   9.42407e-01   9.43544e-01   9.44506e-01   9.45302e-01   9.45942e-01   9.46432e-01   9.46779e-01   9.46985e-01   9.47054e-01   9.46985e-01   9.46779e-01   9.46432e-01   9.45942e-01   9.45302e-01   9.44506e-01   9.43544e-01   9.42407e-01   9.41082e-01   9.39553e-01   9.37805e-01   9.35817e-01   9.33568e-01   9.31033e-01   9.28182e-01   9.24985e-01   9.21406e-01   9.17405e-01   9.12936e-01   9.07951e-01   9.02394e-01   8.96203e-01   8.89310e-01   8.81639e-01   8.73106e-01   8.63621e-01   8.53082e-01   8.41379e-01   8.28392e-01   8.13993e-01
  -4.00000e-03   8.28816e-01   8.43254e-01   8.56277e-01   8.68014e-01   8.78585e-01   8.88100e-01   8.96660e-01   9.04357e-01   9.11275e-01   9.17489e-01   9.23067e-01   9.28071e-01   9.32558e-01   9.36576e-01   9.40170e-01   9.43381e-01   9.46245e-01   9.48792e-01   9.51051e-01   9.53048e-01   9.54805e-01   9.56341e-01   9.57673e-01   9.58816e-01   9.59782e-01   9.60582e-01   9.61225e-01   9.61718e-01   9.62066e-01   9.62274e-01   9.62343e-01   9.62274e-01   9.62066e-01   9.61718e-01   9.61225e-01   9.60582e-01   9.59782e-01   9.58816e-01   9.57673e-01   9.56341e-01   9.54805e-01   9.53048e-01   9.51051e-01   9.48792e-01   9.46244e-01   9.43381e-01   9.40170e-01   9.36576e-01   9.32558e-01   9.28071e-01   9.23067e-01   9.17488e-01   9.11275e-01   9.04357e-01   8.96660e-01   8.88100e-01   8.78585e-01   8.68014e-01   8.56277e-01   8.43254e-01   8.28816e-01
  -4.25000e-03   8.44783e-01   8.59263e-01   8.72323e-01   8.84096e-01   8.94700e-01   9.04246e-01   9.12835e-01   9.20560e-01   9.27503e-01   9.33741e-01   9.39341e-01   9.44366e-01   9.48872e-01   9.52908e-01   9.56518e-01   9.59744e-01   9.62621e-01   9.65180e-01   9.67451e-01   9.69458e-01   9.71223e-01   9.72767e-01   9.74106e-01   9.75255e-01   9.76226e-01   9.77030e-01   9.77677e-01   9.78172e-01   9.78523e-01   9.78731e-01   9.78801e-01   9.78731e-01   9.78523e-01   9.78172e-01   9.77677e-01   9.77030e-01   9.76226e-01   9.75255e-01   9.74106e-01   9.72767e-01   9.71223e-01   9.69458e-01   9.67451e-01   9.65180e-01   9.62620e-01   9.59744e-01   9.56518e-01   9.52907e-01   9.48872e-01   9.44366e-01   9.39341e-01   9.33740e-01   9.27503e-01   9.20560e-01   9.12835e-01   9.04246e-01   8.94700e-01   8.84096e-01   8.72323e-01   8.59263e-01   8.44783e-01
  -4.50000e-03   8.61932e-01   8.76454e-01   8.89554e-01   9.01363e-01   9.12002e-01   9.21580e-01   9.30200e-01   9.37953e-01   9.44923e-01   9.51186e-01   9.56810e-01   9.61857e-01   9.66383e-01   9.70437e-01   9.74065e-01   9.77306e-01   9.80197e-01   9.82770e-01   9.85052e-01   9.87070e-01   9.88844e-01   9.90397e-01   9.91743e-01   9.92898e-01   9.93874e-01   9.94683e-01   9.95333e-01   9.95832e-01   9.96184e-01   9.96394e-01   9.96464e-01   9.96394e-01   9.96184e-01   9.95832e-01   9.95333e-01   9.94683e-01   9.93874e-01   9.92898e-01   9.91743e-01   9.90396e-01   9.88844e-01   9.87069e-01   9.85052e-01   9.82769e-01   9.80197e-01   9.77306e-01   9.74065e-01   9.70437e-01   9.66383e-01   9.61857e-01   9.56810e-01   9.51186e-01   9.44923e-01   9.37953e-01   9.30200e-01   9.21580e-01   9.12002e-01   9.01363e-01   8.89554e-01   8.76454e-01   8.61932e-01
  -4.75000e-03   8.80302e-01   8.94867e-01   9.08008e-01   9.19855e-01   9.30530e-01   9.40142e-01   9.48794e-01   9.56577e-01   9.63575e-01   9.69864e-01   9.75513e-01   9.80583e-01   9.85130e-01   9.89203e-01   9.92849e-01   9.96107e-01   9.99013e-01   1.00160e+00   1.00389e+00   1.00592e+00   1.00771e+00   1.00927e+00   1.01062e+00   1.01178e+00   1.01277e+00   1.01358e+00   1.01423e+00   1.01473e+00   1.01509e+00   1.01530e+00   1.01537e+00   1.01530e+00   1.01509e+00   1.01473e+00   1.01423e+00   1.01358e+00   1.01277e+00   1.01178e+00   1.01062e+00   1.00927e+00   1.00771e+00   1.00592e+00   1.00389e+00   1.00160e+00   9.99013e-01   9.96107e-01   9.92849e-01   9.89203e-01   9.85129e-01   9.80583e-01   9.75513e-01   9.69864e-01   9.63575e-01   9.56577e-01   9.48794e-01   9.40142e-01   9.30530e-01   9.19855e-01   9.08008e-01   8.94867e-01   8.80302e-01
  -5.00000e-03   8.99936e-01   9.14546e-01   9.27728e-01   9.39614e-01   9.50326e-01   9.59974e-01   9.68658e-01   9.76473e-01   9.83500e-01   9.89817e-01   9.95491e-01   1.00058e+00   1.00515e+00   1.00925e+00   1.01291e+00   1.01619e+00   1.01911e+00   1.02171e+00   1.02402e+00   1.02606e+00   1.02785e+00   1.02942e+00   1.03078e+00   1.03195e+00   1.03294e+00   1.03376e+00   1.03442e+00   1.03492e+00   1.03528e+00   1.03549e+00   1.03556e+00   1.03549e+00   1.03528e+00   1.03492e+00   1.03442e+00   1.03376e+00   1.03294e+00   1.03195e+00   1.03078e+00   1.02942e+00   1.02785e+00   1.02606e+00   1.02402e+00   1.02171e+00   1.01911e+00   1.01619e+00   1.01291e+00   1.00925e+00   1.00515e+00   1.00058e+00   9.95491e-01   9.89817e-01   9.83500e-01   9.76473e-01   9.68658e-01   9.59973e-01   9.50326e-01   9.39614e-01   9.27728e-01   9.14545e-01   8.99936e-01
